word,category,tier,source
AARDVARK,noun,hard,brysbaert
ABACUS,noun,easy,original
ABRASION,noun,hard,brysbaert
ACCORDION,noun,easy,brysbaert
ACCOUNTANT,noun,hard,brysbaert
ACORN,noun,easy,brysbaert+original
ACROBAT,noun,hard,brysbaert
ACROBATICS,noun,hard,brysbaert
ACRYLIC,noun,hard,brysbaert
ACTOR,noun,hard,brysbaert
ADDRESS,verb,hard,brysbaert
ADHESIVE,noun,hard,brysbaert
ADULT,noun,hard,brysbaert
ADVISOR,noun,hard,brysbaert
AIRBRUSH,noun,hard,brysbaert
AIRFIELD,noun,easy,brysbaert
AIRPORT,noun,easy,brysbaert
AIRSHIP,noun,easy,brysbaert
AIRSTRIP,noun,hard,brysbaert
AIRWAY,noun,hard,brysbaert
ALARM,noun,hard,brysbaert
ALBATROSS,noun,easy,brysbaert
ALBUM,noun,hard,brysbaert
ALFALFA,noun,hard,brysbaert
ALGAE,noun,easy,brysbaert
ALLEY,noun,easy,brysbaert
ALLIGATOR,noun,easy,brysbaert
ALLOY,noun,hard,brysbaert
ALMOND,noun,easy,brysbaert
ALOE,noun,easy,brysbaert
ALUMINUM,noun,easy,brysbaert
AMBULANCE,noun,easy,brysbaert+quickdraw
AMPLIFIER,noun,easy,brysbaert
ANACONDA,noun,easy,brysbaert
ANCHOR,noun,easy,brysbaert+original
ANCHOVY,noun,easy,brysbaert
ANGELFISH,noun,easy,brysbaert
ANGER,abstract,hard,seed
ANGLE,verb,hard,brysbaert
ANKLE,noun,easy,brysbaert
ANKLET,noun,easy,brysbaert
ANNOUNCER,noun,hard,brysbaert
ANT,noun,easy,brysbaert+quickdraw
ANTEATER,noun,easy,brysbaert
ANTELOPE,noun,easy,brysbaert
ANTENNA,noun,easy,brysbaert
ANTHILL,noun,easy,brysbaert
ANTIPERSPIRANT,noun,hard,brysbaert
ANTLER,noun,easy,brysbaert+original
ANVIL,noun,easy,brysbaert+quickdraw+original
APARTMENT,noun,easy,brysbaert
APPAREL,noun,hard,brysbaert
APPETIZER,noun,easy,brysbaert
APPLAUSE,noun,hard,brysbaert
APPLE,noun,easy,brysbaert+quickdraw
APPLESAUCE,noun,easy,brysbaert
APRICOT,noun,easy,brysbaert
APRON,noun,easy,brysbaert+original
AQUAMARINE,noun,hard,brysbaert
AQUARIUM,noun,easy,brysbaert
AQUEDUCT,noun,hard,brysbaert
ARCADE,noun,easy,brysbaert
ARCH,noun,hard,brysbaert
ARCHAEOLOGIST,noun,hard,brysbaert
ARENA,noun,easy,brysbaert
ARM,noun,easy,brysbaert+quickdraw
ARMADILLO,noun,easy,brysbaert
ARMBAND,noun,hard,brysbaert
ARMCHAIR,noun,easy,brysbaert
ARMOR,noun,easy,brysbaert+original
ARMREST,noun,easy,brysbaert
ARMS,noun,easy,brysbaert
ARROW,noun,easy,brysbaert+original
ARROWHEAD,noun,easy,brysbaert
ARTIFACT,noun,hard,brysbaert
ARTWORK,noun,hard,brysbaert
ASPARAGUS,noun,easy,brysbaert+quickdraw
ASPHALT,noun,easy,brysbaert
ASTEROID,noun,easy,brysbaert
ASTRONAUT,noun,easy,brysbaert
ATLAS,noun,easy,brysbaert
ATRIUM,noun,easy,brysbaert
ATTIC,noun,easy,original
ATTIRE,noun,hard,brysbaert
AUCTIONEER,noun,hard,brysbaert
AUDIENCE,noun,hard,brysbaert
AUDIOTAPE,noun,easy,brysbaert
AUDITORIUM,noun,easy,brysbaert
AVALANCHE,noun,easy,original
AVIATOR,noun,hard,brysbaert
AVOCADO,noun,easy,brysbaert
AWNING,noun,hard,brysbaert+original
AXE,noun,easy,quickdraw+original
BABY,noun,easy,brysbaert
BACK,verb,hard,brysbaert
BACKBOARD,noun,easy,brysbaert
BACKDOOR,noun,hard,brysbaert
BACKDROP,noun,hard,brysbaert
BACKPACK,noun,easy,brysbaert+quickdraw
BACKROOM,noun,hard,brysbaert
BACKSCRATCHER,noun,hard,brysbaert
BACKSEAT,noun,hard,brysbaert
BACKSTAIRS,noun,hard,brysbaert
BACKSTROKE,noun,hard,brysbaert
BACKYARD,noun,hard,brysbaert
BADGE,noun,easy,brysbaert
BADMINTON,noun,easy,brysbaert
BAG,noun,easy,brysbaert
BAGEL,noun,easy,brysbaert
BAGPIPE,noun,easy,brysbaert
BAGUETTE,noun,hard,brysbaert
BAIL,verb,hard,brysbaert
BAIT,verb,hard,brysbaert
BAKE,verb,hard,brysbaert
BAKER,noun,easy,brysbaert
BAKERY,noun,easy,brysbaert
BALANCE,abstract,hard,seed
BALCONY,noun,hard,brysbaert
BALL,noun,easy,brysbaert
BALLET,noun,hard,brysbaert
BALLGAME,noun,hard,brysbaert
BALLOON,noun,easy,brysbaert+original
BALLOT,noun,easy,brysbaert
BALLPLAYER,noun,hard,brysbaert
BALLPOINT,noun,hard,brysbaert
BALLROOM,noun,easy,brysbaert
BAMBOO,noun,easy,brysbaert
BAND,noun,hard,brysbaert
BANDAGE,noun,easy,quickdraw
BANDANNA,noun,easy,brysbaert
BANDIT,noun,hard,brysbaert
BANDLEADER,noun,hard,brysbaert
BANG,verb,hard,brysbaert
BANISTER,noun,easy,brysbaert
BANJO,noun,easy,brysbaert
BANK,noun,easy,brysbaert
BANKBOOK,noun,easy,brysbaert
BANKNOTE,noun,easy,brysbaert
BANNER,noun,easy,brysbaert+original
BAR,noun,hard,brysbaert
BARB,noun,hard,brysbaert
BARBECUE,noun,hard,brysbaert
BARBELL,noun,easy,brysbaert
BARBER,noun,hard,brysbaert
BARBERSHOP,noun,easy,brysbaert
BARKING,verb,hard,brysbaert
BARN,noun,easy,brysbaert+quickdraw+original
BARNACLE,noun,easy,brysbaert
BARNYARD,noun,easy,brysbaert
BAROMETER,noun,hard,brysbaert
BARRACUDA,noun,easy,brysbaert
BARREL,noun,easy,brysbaert+original
BARRIER,noun,hard,brysbaert
BARTENDER,noun,easy,brysbaert
BASEBALL,noun,easy,brysbaert+quickdraw
BASEBOARD,noun,easy,brysbaert
BASEMENT,noun,easy,brysbaert
BASIL,noun,easy,brysbaert
BASIN,noun,hard,brysbaert
BASKET,noun,easy,brysbaert+quickdraw+original
BASKETBALL,noun,easy,brysbaert+quickdraw
BAT,noun,easy,brysbaert+quickdraw
BATH,noun,easy,brysbaert
BATHING,verb,hard,brysbaert
BATHROBE,noun,easy,brysbaert
BATHTUB,noun,easy,brysbaert+quickdraw
BATTERY,noun,hard,brysbaert
BAY,noun,easy,brysbaert
BAYOU,noun,hard,brysbaert
BEACH,noun,easy,brysbaert+quickdraw
BEACHFRONT,noun,hard,brysbaert
BEACON,noun,hard,brysbaert
BEAD,noun,easy,brysbaert
BEAK,noun,easy,brysbaert
BEAKER,noun,easy,brysbaert+original
BEAN,noun,easy,brysbaert
BEANBAG,noun,easy,brysbaert
BEANIE,noun,easy,brysbaert
BEANSTALK,noun,easy,brysbaert
BEAR,noun,easy,quickdraw
BEARD,noun,easy,brysbaert+quickdraw
BEAST,noun,hard,brysbaert
BEAT,verb,hard,brysbaert
BEAUTICIAN,noun,hard,brysbaert
BEAVER,noun,hard,brysbaert+original
BED,noun,easy,brysbaert+quickdraw
BEDBUG,noun,hard,brysbaert
BEDCLOTHES,noun,hard,brysbaert
BEDPOST,noun,easy,brysbaert
BEDROOM,noun,easy,brysbaert
BEDSPREAD,noun,easy,brysbaert
BEE,noun,easy,brysbaert+quickdraw
BEEHIVE,noun,easy,brysbaert
BEEKEEPER,noun,hard,brysbaert
BEEP,verb,hard,brysbaert
BEEPER,noun,easy,brysbaert
BEER,noun,easy,brysbaert
BEESWAX,noun,easy,brysbaert
BEET,noun,easy,brysbaert
BEETLE,noun,easy,original
BELL,noun,easy,brysbaert
BELLHOP,noun,hard,brysbaert
BELLOWS,noun,easy,original
BELT,noun,easy,brysbaert+quickdraw
BENCH,noun,easy,brysbaert+quickdraw+original
BENT,verb,hard,brysbaert
BERET,noun,easy,brysbaert
BERRY,noun,easy,brysbaert
BEVERAGE,noun,hard,brysbaert
BIB,noun,easy,brysbaert
BICEPS,noun,easy,brysbaert
BICYCLE,noun,easy,brysbaert+quickdraw+original
BIFOCALS,noun,hard,brysbaert
BIKE,noun,easy,brysbaert
BILL,noun,hard,brysbaert
BILLBOARD,noun,easy,brysbaert
BILLIARDS,noun,hard,brysbaert
BIN,noun,easy,brysbaert
BINDER,noun,easy,brysbaert
BINDING,noun,easy,original
BINOCULARS,noun,easy,brysbaert+quickdraw
BIRD,noun,easy,brysbaert+quickdraw
BIRDBATH,noun,easy,brysbaert
BIRDCAGE,noun,hard,brysbaert
BIRDHOUSE,noun,easy,brysbaert
BIRDSEED,noun,easy,brysbaert
BIRTHDAY,abstract,hard,seed
BISCUIT,noun,easy,brysbaert
BISON,noun,hard,brysbaert
BITE,noun,hard,brysbaert
BLACKBERRY,noun,easy,brysbaert+quickdraw
BLACKBIRD,noun,easy,brysbaert
BLACKSMITH,noun,hard,brysbaert
BLACKTOP,noun,hard,brysbaert
BLADE,noun,easy,brysbaert
BLANKET,noun,easy,brysbaert+original
BLAST,verb,hard,brysbaert
BLAZER,noun,easy,brysbaert
BLENDER,noun,easy,brysbaert+original
BLIMP,noun,easy,brysbaert
BLIZZARD,noun,hard,brysbaert+original
BLOCK,verb,hard,brysbaert
BLOOMING,noun,hard,brysbaert
BLOSSOM,noun,easy,original
BLOUSE,noun,easy,brysbaert
BLOWFISH,noun,hard,brysbaert
BLOWTORCH,noun,easy,brysbaert
BLUEBERRY,noun,easy,brysbaert+quickdraw
BLUEBIRD,noun,easy,brysbaert
BLUEFISH,noun,easy,brysbaert
BLUEPRINT,noun,easy,brysbaert
BLUSH,noun,hard,brysbaert
BOA,noun,easy,brysbaert
BOAR,noun,easy,brysbaert
BOARD,noun,hard,brysbaert
BOARDROOM,noun,hard,brysbaert
BOARDWALK,noun,easy,brysbaert
BOAT,noun,easy,brysbaert
BOATHOUSE,noun,easy,brysbaert
BOATYARD,noun,hard,brysbaert
BOBCAT,noun,easy,brysbaert
BOBSLED,noun,easy,brysbaert
BODY,noun,easy,brysbaert
BODYBUILDER,noun,hard,brysbaert
BODYGUARD,noun,easy,brysbaert
BOIL,verb,hard,brysbaert
BOLT,noun,hard,brysbaert
BONBON,noun,hard,brysbaert
BONE,noun,easy,brysbaert
BONFIRE,noun,easy,brysbaert
BONGO,noun,easy,brysbaert
BONNET,noun,easy,brysbaert
BOOK,noun,easy,brysbaert+quickdraw
BOOKCASE,noun,easy,brysbaert
BOOKKEEPER,noun,hard,brysbaert
BOOKMARK,noun,easy,brysbaert
BOOKSHELF,noun,easy,brysbaert
BOOKSHOP,noun,easy,brysbaert
BOOMERANG,noun,easy,brysbaert+quickdraw
BOOT,noun,easy,brysbaert
BOREDOM,abstract,hard,seed
BOTTLE,noun,easy,brysbaert
BOTTLECAP,noun,easy,quickdraw
BOULDER,noun,hard,brysbaert+original
BOULEVARD,noun,easy,brysbaert
BOUNCE,verb,hard,brysbaert
BOUQUET,noun,easy,brysbaert
BOW,noun,hard,brysbaert
BOWL,noun,easy,brysbaert
BOWLER,noun,hard,brysbaert
BOWLING,noun,hard,brysbaert
BOWTIE,noun,easy,brysbaert+quickdraw
BOX,noun,easy,brysbaert
BOXCAR,noun,easy,brysbaert
BRACELET,noun,easy,brysbaert+quickdraw
BRACES,noun,easy,brysbaert
BRACKET,noun,hard,brysbaert+original
BRAIN,noun,easy,brysbaert+quickdraw
BRAKE,noun,hard,brysbaert
BRAN,noun,hard,brysbaert
BRANCH,noun,easy,brysbaert+original
BRASS,noun,easy,brysbaert
BREAD,noun,easy,brysbaert+quickdraw
BREADBOX,noun,easy,brysbaert
BREAK,verb,hard,brysbaert
BREAKFAST,verb,hard,brysbaert
BREASTPLATE,noun,hard,brysbaert
BREATH,noun,hard,brysbaert
BREATHE,verb,hard,brysbaert
BRICK,noun,easy,brysbaert+original
BRIDGE,noun,easy,brysbaert+quickdraw
BRIDGEWORK,noun,hard,brysbaert
BRIEFCASE,noun,easy,brysbaert
BROCCOLI,noun,easy,brysbaert+quickdraw
BRONTOSAURUS,noun,hard,brysbaert
BROOM,noun,easy,brysbaert+quickdraw+original
BROOMSTICK,noun,easy,brysbaert
BROTH,noun,hard,brysbaert
BROWNIE,noun,easy,brysbaert
BRUSH,noun,hard,brysbaert
BUBBLE,verb,hard,brysbaert
BUCK,noun,hard,brysbaert
BUCKWHEAT,noun,hard,brysbaert
BUD,noun,hard,brysbaert
BUFFALO,noun,easy,brysbaert
BUFFET,noun,hard,brysbaert
BUG,noun,easy,brysbaert
BUILD,verb,hard,brysbaert
BULB,noun,easy,brysbaert+original
BULL,noun,easy,brysbaert
BULLDOZER,noun,easy,brysbaert+quickdraw
BULLETIN,noun,easy,brysbaert
BULLFROG,noun,easy,brysbaert
BULLHORN,noun,easy,brysbaert
BULLPEN,noun,hard,brysbaert
BUMBLEBEE,noun,easy,brysbaert
BUMP,verb,hard,brysbaert
BUMPER,noun,easy,brysbaert+original
BUN,noun,easy,brysbaert
BUNGEE,noun,hard,brysbaert
BUNKER,noun,easy,brysbaert
BUNNY,noun,easy,brysbaert
BUOY,noun,easy,original
BURLAP,noun,easy,brysbaert
BURN,verb,hard,brysbaert
BURNER,noun,easy,brysbaert
BURRITO,noun,easy,brysbaert
BUS,noun,easy,brysbaert+quickdraw
BUSH,noun,easy,brysbaert+quickdraw
BUTLER,noun,hard,brysbaert
BUTTER,noun,easy,brysbaert
BUTTERCUP,noun,easy,brysbaert
BUTTERFLY,noun,easy,quickdraw
BUTTERMILK,noun,hard,brysbaert
BUTTERSCOTCH,noun,hard,brysbaert
BUTTON,noun,easy,brysbaert
BUTTONHOLE,noun,easy,brysbaert
BUZZ,verb,hard,brysbaert
BUZZARD,noun,easy,brysbaert
CAB,noun,easy,brysbaert
CABANA,noun,easy,brysbaert
CABBAGE,noun,easy,brysbaert
CABDRIVER,noun,easy,brysbaert
CABIN,noun,easy,brysbaert+original
CABINET,noun,easy,brysbaert
CABLE,noun,easy,brysbaert+original
CABOOSE,noun,easy,brysbaert
CACTUS,noun,easy,brysbaert+quickdraw+original
CAFE,noun,easy,brysbaert
CAFETERIA,noun,easy,brysbaert
CAGE,noun,easy,brysbaert+original
CAKE,noun,easy,brysbaert+quickdraw
CALCULATOR,noun,easy,brysbaert+quickdraw
CALENDAR,noun,easy,brysbaert+quickdraw
CALF,noun,hard,brysbaert
CALL,verb,hard,brysbaert
CALLIGRAPHY,noun,hard,brysbaert
CAMCORDER,noun,easy,brysbaert
CAMEL,noun,easy,brysbaert+quickdraw
CAMERA,noun,easy,brysbaert+quickdraw+original
CAMOUFLAGE,noun,easy,brysbaert+quickdraw
CAMPER,noun,hard,brysbaert
CAMPFIRE,noun,easy,brysbaert+quickdraw
CAMPGROUND,noun,easy,brysbaert
CAMPING,verb,hard,brysbaert
CAMPUS,noun,hard,brysbaert
CANAL,noun,hard,brysbaert
CANDLE,noun,easy,brysbaert+quickdraw+original
CANDLELIGHT,noun,hard,brysbaert
CANDLESTICK,noun,easy,brysbaert
CANDY,noun,easy,brysbaert
CANE,noun,easy,brysbaert
CANNON,noun,easy,brysbaert+quickdraw
CANNONBALL,noun,easy,brysbaert
CANOE,noun,easy,brysbaert+quickdraw+original
CANOPY,noun,hard,brysbaert+original
CANTALOUPE,noun,easy,brysbaert
CANTEEN,noun,easy,brysbaert
CANVAS,noun,easy,brysbaert+original
CANYON,noun,easy,brysbaert
CAP,noun,hard,brysbaert
CAPE,noun,easy,brysbaert
CAPPUCCINO,noun,easy,brysbaert
CAPSULE,noun,hard,brysbaert
CAR,noun,easy,brysbaert+quickdraw
CARAMEL,noun,easy,brysbaert
CARAVAN,noun,hard,brysbaert+original
CARD,noun,easy,brysbaert
CARDBOARD,noun,easy,brysbaert
CARDIGAN,noun,easy,brysbaert
CARGO,noun,hard,brysbaert
CARIBOU,noun,easy,brysbaert
CARNIVAL,noun,hard,brysbaert
CAROUSEL,noun,easy,brysbaert
CARP,noun,hard,brysbaert
CARPET,verb,hard,brysbaert+original
CARPORT,noun,easy,brysbaert
CARRIAGE,noun,easy,brysbaert
CARROT,noun,easy,brysbaert+quickdraw
CARRY,verb,hard,brysbaert
CART,noun,easy,brysbaert+original
CARTILAGE,noun,easy,brysbaert
CARTON,noun,easy,brysbaert
CARTOON,noun,hard,brysbaert
CARTWHEEL,noun,hard,brysbaert
CASH,noun,hard,brysbaert
CASHEW,noun,easy,brysbaert
CASHIER,noun,easy,brysbaert
CASHMERE,noun,easy,brysbaert
CASKET,noun,easy,brysbaert
CASSEROLE,noun,easy,brysbaert
CAST,verb,hard,brysbaert
CASTLE,noun,easy,brysbaert+quickdraw+original
CAT,noun,easy,brysbaert+quickdraw
CATALOG,noun,hard,brysbaert
CATCH,verb,hard,brysbaert
CATCHER,noun,hard,brysbaert
CATERER,noun,hard,brysbaert
CATERPILLAR,noun,easy,brysbaert
CATFISH,noun,easy,brysbaert
CATNIP,noun,hard,brysbaert
CATTLE,noun,hard,brysbaert
CAULDRON,noun,hard,brysbaert
CAULIFLOWER,noun,easy,brysbaert
CAULK,noun,hard,brysbaert
CAVE,verb,hard,brysbaert
CAVERN,noun,hard,brysbaert+original
CAVIAR,noun,easy,brysbaert
CEDAR,noun,easy,brysbaert
CEILING,noun,easy,brysbaert+original
CELERY,noun,easy,brysbaert
CELLIST,noun,hard,brysbaert
CELLO,noun,easy,brysbaert+quickdraw
CELLPHONE,noun,easy,brysbaert
CELLULOSE,noun,hard,brysbaert
CEMENT,noun,easy,brysbaert
CEMETERY,noun,easy,brysbaert
CENTERPIECE,noun,hard,brysbaert
CENTIPEDE,noun,easy,brysbaert
CERAMICS,noun,hard,brysbaert
CEREAL,noun,easy,brysbaert
CERTIFICATE,noun,hard,brysbaert
CHAIN,noun,hard,brysbaert+original
CHAINSAW,noun,easy,brysbaert
CHAIR,noun,easy,quickdraw
CHAIRPERSON,noun,hard,brysbaert
CHALK,noun,easy,brysbaert+original
CHALKBOARD,noun,easy,brysbaert
CHAMBER,noun,hard,brysbaert
CHAMELEON,noun,hard,brysbaert
CHAMOMILE,noun,easy,brysbaert
CHANDELIER,noun,easy,brysbaert+quickdraw
CHAOS,abstract,hard,seed
CHARCOAL,noun,easy,brysbaert
CHARGER,noun,hard,brysbaert
CHARIOT,noun,easy,brysbaert+original
CHART,verb,hard,brysbaert
CHAUFFEUR,noun,hard,brysbaert
CHECK,verb,hard,brysbaert
CHECKBOOK,noun,easy,brysbaert
CHECKERBOARD,noun,easy,brysbaert
CHECKERS,noun,easy,brysbaert
CHECKLIST,noun,hard,brysbaert
CHEEK,noun,easy,brysbaert
CHEEKBONE,noun,easy,brysbaert
CHEERING,verb,hard,brysbaert
CHEERLEADER,noun,easy,brysbaert
CHEESE,noun,easy,brysbaert
CHEESECAKE,noun,easy,brysbaert
CHEETAH,noun,easy,brysbaert
CHEMICALS,noun,hard,brysbaert
CHESS,noun,easy,brysbaert
CHESSBOARD,noun,hard,brysbaert
CHEST,noun,easy,brysbaert
CHICKEN,noun,easy,brysbaert
CHILD,noun,easy,brysbaert
CHILI,noun,easy,brysbaert
CHIME,noun,hard,brysbaert
CHIMNEY,noun,easy,brysbaert+original
CHIN,noun,easy,brysbaert
CHINCHILLA,noun,easy,brysbaert
CHIP,noun,easy,brysbaert
CHIPMUNK,noun,easy,brysbaert
CHIPS,noun,easy,brysbaert
CHISEL,noun,easy,original
CHOP,verb,hard,brysbaert
CHOPSTICK,noun,easy,brysbaert
CHORD,noun,hard,brysbaert
CHOWDER,noun,easy,brysbaert
CHURCH,noun,easy,brysbaert+quickdraw
CINDER,noun,hard,brysbaert+original
CINEMA,noun,hard,brysbaert
CINNAMON,noun,easy,brysbaert
CIRCLE,noun,easy,brysbaert+quickdraw
CIRCUS,noun,hard,brysbaert
CITADEL,noun,hard,brysbaert
CITY,noun,easy,brysbaert
CLAM,noun,easy,brysbaert
CLAMP,verb,hard,brysbaert+original
CLARINET,noun,easy,brysbaert+quickdraw
CLASSMATE,noun,hard,brysbaert
CLASSROOM,noun,easy,brysbaert
CLASSWORK,noun,hard,brysbaert
CLAW,noun,easy,brysbaert+original
CLAY,noun,easy,brysbaert+original
CLEANING,verb,hard,brysbaert
CLEANSER,noun,hard,brysbaert
CLEAR,verb,hard,brysbaert
CLEAVER,noun,easy,brysbaert
CLENCH,noun,hard,brysbaert
CLICK,verb,hard,brysbaert
CLIFF,noun,easy,brysbaert
CLIMB,verb,hard,brysbaert
CLIMBER,noun,hard,brysbaert
CLIPBOARD,noun,easy,brysbaert
CLOCK,noun,easy,brysbaert+quickdraw+original
CLONE,noun,hard,brysbaert
CLOSET,noun,easy,brysbaert
CLOTH,noun,easy,brysbaert
CLOTHES,verb,hard,brysbaert
CLOTHESLINE,noun,easy,brysbaert
CLOUD,noun,easy,quickdraw
CLOVE,noun,hard,brysbaert
CLOVER,noun,hard,brysbaert
CLOVERLEAF,noun,easy,brysbaert
CLOWN,noun,easy,brysbaert
CLUBHOUSE,noun,hard,brysbaert
COAL,verb,hard,brysbaert
COASTER,noun,hard,brysbaert
COASTLINE,noun,hard,brysbaert
COAT,noun,easy,brysbaert
COATROOM,noun,easy,brysbaert
COB,noun,easy,brysbaert
COBALT,noun,hard,brysbaert
COBBLER,noun,hard,brysbaert
COBBLESTONE,noun,easy,brysbaert
COBRA,noun,easy,brysbaert
COBWEB,noun,easy,brysbaert+original
COCOA,noun,easy,brysbaert
COCONUT,noun,easy,brysbaert
COCOON,noun,easy,original
CODFISH,noun,easy,brysbaert
COFFEE,noun,easy,brysbaert
COFFEECAKE,noun,easy,brysbaert
COFFEEPOT,noun,hard,brysbaert
COIL,noun,hard,brysbaert
COIN,verb,hard,brysbaert+original
COLA,noun,easy,brysbaert
COLISEUM,noun,easy,brysbaert
COLLAGE,noun,hard,brysbaert
COLLAR,noun,hard,brysbaert+original
COLLARBONE,noun,easy,brysbaert
COLLEGE,noun,hard,brysbaert
COLOGNE,noun,easy,brysbaert
COLUMN,noun,hard,brysbaert
COMB,noun,easy,brysbaert
COMFORTER,noun,easy,brysbaert
COMICS,noun,easy,brysbaert
COMMA,noun,hard,brysbaert
COMMITTEE,noun,hard,brysbaert
COMPASS,noun,easy,brysbaert+quickdraw+original
COMPOSER,noun,hard,brysbaert
COMPRESSOR,noun,hard,brysbaert
COMPUTER,noun,easy,brysbaert+quickdraw
CONCERT,verb,hard,brysbaert
CONCRETE,verb,hard,brysbaert
CONDIMENT,noun,easy,brysbaert
CONDO,noun,easy,brysbaert
CONDUCTOR,noun,hard,brysbaert
CONE,noun,easy,brysbaert
CONFETTI,noun,easy,brysbaert
CONSTELLATION,noun,hard,brysbaert
CONTAINER,noun,easy,brysbaert
CONTESTANT,noun,hard,brysbaert
CONTORTIONIST,noun,hard,brysbaert
CONTRACT,verb,hard,brysbaert
CONVERTIBLE,noun,hard,brysbaert
COOK,verb,hard,brysbaert
COOKBOOK,noun,easy,brysbaert
COOKER,noun,hard,brysbaert
COOKIE,noun,easy,brysbaert+quickdraw
COOKWARE,noun,easy,brysbaert
COOL,verb,hard,brysbaert
COOLANT,noun,hard,brysbaert
COOLER,noun,easy,quickdraw
COPIER,noun,easy,brysbaert
COPILOT,noun,hard,brysbaert
COPPER,noun,hard,brysbaert
COPPERHEAD,noun,easy,brysbaert
CORD,noun,hard,brysbaert+original
CORK,noun,easy,brysbaert+original
CORKSCREW,noun,easy,brysbaert
CORN,noun,easy,brysbaert
CORNBREAD,noun,easy,brysbaert
CORNCOB,noun,easy,brysbaert
CORNEA,noun,easy,brysbaert
CORNER,noun,hard,brysbaert
CORNFIELD,noun,easy,brysbaert
CORNMEAL,noun,easy,brysbaert
CORNSTARCH,noun,hard,brysbaert
CORRIDOR,noun,easy,brysbaert
COSMETICS,noun,easy,brysbaert
COSTUME,noun,hard,brysbaert
COT,noun,hard,brysbaert
COTTAGE,noun,easy,brysbaert
COTTONTAIL,noun,hard,brysbaert
COUNSELOR,noun,hard,brysbaert
COUNTING,verb,hard,brysbaert
COUNTRYSIDE,noun,hard,brysbaert
COUPON,noun,easy,brysbaert
COURIER,noun,hard,brysbaert
COURTHOUSE,noun,easy,brysbaert
COURTROOM,noun,hard,brysbaert
COURTYARD,noun,hard,brysbaert
COVE,noun,hard,brysbaert
COVER,verb,hard,brysbaert
COVERALLS,noun,easy,brysbaert
COW,noun,easy,brysbaert+quickdraw
COWBELL,noun,easy,brysbaert
COYOTE,noun,easy,brysbaert
CRAB,noun,easy,brysbaert+quickdraw
CRADLE,noun,easy,original
CRANBERRY,noun,easy,brysbaert
CRANE,noun,hard,brysbaert
CRANKSHAFT,noun,easy,brysbaert
CRASH,verb,hard,brysbaert
CRATE,noun,easy,brysbaert
CRATER,noun,hard,brysbaert+original
CRAWFISH,noun,easy,brysbaert
CRAWL,verb,hard,brysbaert
CRAWLSPACE,noun,easy,brysbaert
CRAYON,noun,easy,brysbaert+quickdraw+original
CREAM,verb,hard,brysbaert
CREAMER,noun,hard,brysbaert
CREEK,noun,easy,brysbaert
CREST,noun,hard,brysbaert
CREW,noun,hard,brysbaert
CRIB,noun,easy,brysbaert
CRICKET,noun,easy,brysbaert
CRITTER,noun,hard,brysbaert
CROCODILE,noun,easy,brysbaert+quickdraw
CROISSANT,noun,easy,brysbaert
CROOKED,verb,hard,brysbaert
CROSSBOW,noun,easy,brysbaert
CROSSROAD,noun,hard,brysbaert
CROSSROADS,noun,hard,brysbaert
CROSSWALK,noun,hard,brysbaert
CROUTON,noun,easy,brysbaert
CROW,noun,easy,brysbaert
CROWBAR,noun,easy,brysbaert
CROWD,verb,hard,brysbaert
CROWN,noun,easy,brysbaert+quickdraw
CRUISE,verb,hard,brysbaert
CRUMB,noun,easy,brysbaert
CRUMPET,noun,easy,brysbaert
CRUSH,verb,hard,brysbaert
CRUST,noun,hard,brysbaert
CRUSTACEAN,noun,hard,brysbaert
CRUTCH,noun,hard,brysbaert
CRY,verb,hard,brysbaert
CRYSTAL,noun,hard,brysbaert+original
CUB,noun,hard,brysbaert
CUBE,noun,hard,brysbaert+original
CUBICLE,noun,easy,brysbaert
CUFF,noun,hard,brysbaert
CUFFLINK,noun,easy,brysbaert
CUP,noun,easy,brysbaert+quickdraw
CUPCAKE,noun,easy,brysbaert
CURB,noun,hard,brysbaert
CURIOSITY,abstract,hard,seed
CURRENCY,noun,hard,brysbaert
CUSHION,noun,hard,brysbaert+original
CUSTARD,noun,easy,brysbaert
CUSTODIAN,noun,hard,brysbaert
CUTICLE,noun,easy,brysbaert
CUTLERY,noun,easy,brysbaert
CYCLIST,noun,easy,brysbaert
CYCLONE,noun,hard,brysbaert
CYLINDER,noun,hard,brysbaert
CYMBAL,noun,easy,brysbaert
DAFFODIL,noun,easy,brysbaert
DAGGER,noun,easy,brysbaert+original
DAIRY,noun,hard,brysbaert
DAISY,noun,easy,brysbaert
DAM,noun,easy,brysbaert+original
DANCER,noun,easy,brysbaert
DANCING,verb,hard,brysbaert
DANDELION,noun,easy,brysbaert
DANGER,abstract,hard,seed
DART,noun,easy,brysbaert+original
DARTBOARD,noun,easy,brysbaert
DARTS,noun,easy,brysbaert
DASHBOARD,noun,hard,brysbaert
DATABASE,noun,hard,brysbaert
DAWN,noun,hard,brysbaert
DEADLINE,abstract,hard,seed
DEBRIS,noun,hard,brysbaert
DECAL,noun,easy,brysbaert
DECAY,abstract,hard,seed
DECK,noun,easy,brysbaert
DEER,noun,easy,brysbaert
DEN,noun,hard,brysbaert
DENIM,noun,easy,brysbaert+original
DENT,noun,hard,brysbaert
DENTIST,noun,easy,brysbaert
DENTURE,noun,easy,brysbaert
DEODORANT,noun,easy,brysbaert
DESERT,verb,hard,brysbaert
DESK,noun,easy,brysbaert
DESKTOP,noun,hard,brysbaert
DESSERT,noun,easy,brysbaert
DETECTIVE,noun,hard,brysbaert
DETERGENT,noun,easy,brysbaert
DEW,noun,hard,brysbaert
DEWDROP,noun,hard,brysbaert
DIAL,noun,hard,brysbaert+original
DIAMOND,noun,easy,brysbaert+quickdraw
DIARY,noun,easy,original
DICTIONARY,noun,hard,brysbaert
DIG,verb,hard,brysbaert
DIGIT,noun,hard,brysbaert
DIME,noun,easy,brysbaert
DIMPLE,noun,easy,brysbaert
DINER,noun,easy,brysbaert
DINGO,noun,easy,brysbaert
DINING,verb,hard,brysbaert
DINNER,noun,hard,brysbaert
DINNERWARE,noun,easy,brysbaert
DINOSAUR,noun,easy,brysbaert
DIP,verb,hard,brysbaert
DIPLOMA,noun,easy,brysbaert
DIRT,noun,easy,brysbaert+original
DIRTY,verb,hard,brysbaert
DISC,noun,easy,brysbaert
DISH,noun,easy,brysbaert
DISHRAG,noun,easy,brysbaert
DISHWASHER,noun,easy,brysbaert+quickdraw
DISHWATER,noun,hard,brysbaert
DISK,noun,easy,brysbaert+original
DITCH,verb,hard,brysbaert+original
DIVER,noun,hard,brysbaert
DIVING,verb,hard,brysbaert
DOCK,noun,hard,brysbaert
DOCTOR,noun,hard,brysbaert
DOE,noun,hard,brysbaert
DOG,noun,easy,brysbaert+quickdraw
DOGWOOD,noun,easy,brysbaert
DOLL,noun,easy,brysbaert+original
DOLLAR,noun,easy,brysbaert
DOLLHOUSE,noun,easy,brysbaert
DOLLY,noun,easy,brysbaert
DOLPHIN,noun,easy,brysbaert+quickdraw
DOME,noun,easy,brysbaert+original
DOMINOES,noun,hard,brysbaert
DONKEY,noun,easy,brysbaert
DONUT,noun,easy,brysbaert+quickdraw
DOOR,noun,easy,brysbaert+quickdraw+original
DOORBELL,noun,easy,brysbaert
DOORKNOB,noun,easy,brysbaert
DOORKNOCKER,noun,easy,brysbaert
DOORMAT,noun,easy,brysbaert
DOORNAIL,noun,easy,brysbaert
DOORSTEP,noun,easy,brysbaert
DOORSTOP,noun,easy,brysbaert
DOORWAY,noun,easy,brysbaert
DORMITORY,noun,hard,brysbaert
DOUGH,noun,easy,brysbaert
DOUGHNUT,noun,easy,brysbaert
DOVE,noun,easy,brysbaert
DOWN,verb,hard,brysbaert
DOWNTOWN,noun,hard,brysbaert
DOZEN,noun,hard,brysbaert
DRAGON,noun,easy,quickdraw
DRAGONFLY,noun,easy,brysbaert
DRAIN,noun,hard,brysbaert+original
DRAINPIPE,noun,easy,brysbaert
DRAPE,noun,easy,original
DRAW,verb,hard,brysbaert
DRAWBRIDGE,noun,easy,brysbaert
DRAWER,noun,hard,brysbaert+original
DREAM,abstract,hard,seed
DRESS,verb,hard,brysbaert
DRESSER,noun,easy,brysbaert+quickdraw
DRIFTWOOD,noun,easy,brysbaert
DRILL,noun,easy,quickdraw
DRINK,noun,easy,brysbaert
DRIVE,verb,hard,brysbaert
DRIVER,noun,easy,brysbaert
DRIVEWAY,noun,easy,brysbaert
DROP,verb,hard,brysbaert
DRUGSTORE,noun,easy,brysbaert
DRUM,noun,easy,brysbaert
DRUMBEAT,noun,hard,brysbaert
DRY,verb,hard,brysbaert
DRYER,noun,easy,brysbaert
DRYWALL,noun,easy,brysbaert
DUCK,noun,easy,brysbaert+quickdraw
DUCKLING,noun,easy,brysbaert
DUCT,noun,easy,brysbaert
DUGOUT,noun,hard,brysbaert
DUMBBELL,noun,easy,brysbaert+quickdraw
DUMBWAITER,noun,hard,brysbaert
DUMP,verb,hard,brysbaert
DUMPLING,noun,hard,brysbaert
DUMPSTER,noun,hard,brysbaert
DUNE,noun,hard,brysbaert
DUSK,noun,hard,brysbaert
DUST,verb,hard,brysbaert+original
DUSTER,noun,hard,brysbaert
DUSTPAN,noun,easy,brysbaert+original
DUVET,noun,easy,brysbaert
DYE,noun,hard,brysbaert+original
EAGLE,noun,easy,brysbaert
EAR,noun,easy,brysbaert+quickdraw
EARLOBE,noun,easy,brysbaert
EARNINGS,noun,hard,brysbaert
EARPHONE,noun,easy,brysbaert
EARPLUGS,noun,easy,brysbaert
EARRING,noun,easy,brysbaert
EARTHWORM,noun,easy,brysbaert
EARWIG,noun,easy,brysbaert
EASEL,noun,easy,brysbaert+original
EAT,verb,hard,brysbaert
EAVES,noun,hard,brysbaert
ECHO,noun,easy,original
ECLAIR,noun,easy,brysbaert
ECLIPSE,noun,easy,original
EDITOR,noun,hard,brysbaert
EEL,noun,hard,brysbaert
EGG,noun,easy,brysbaert
EGGBEATER,noun,easy,brysbaert
EGGSHELL,noun,easy,brysbaert
ELBOW,noun,easy,brysbaert+quickdraw+original
ELECTRONICS,noun,hard,brysbaert
ELEPHANT,noun,easy,brysbaert+quickdraw
ELEVATOR,noun,easy,brysbaert
ELK,noun,easy,brysbaert
EMAIL,noun,hard,brysbaert
EMBROIDERY,noun,hard,brysbaert
EMCEE,noun,hard,brysbaert
EMERALD,noun,easy,brysbaert+original
EMU,noun,easy,brysbaert
ENCYCLOPEDIA,noun,easy,brysbaert
ENGINE,noun,easy,brysbaert
ENGINEER,noun,hard,brysbaert
ENGRAVER,noun,hard,brysbaert
ENTERING,verb,hard,brysbaert
ENTRANCE,noun,hard,brysbaert
ENVELOPE,noun,easy,brysbaert+quickdraw+original
ENVY,abstract,hard,seed
EQUIPMENT,noun,easy,brysbaert
ERASE,verb,hard,brysbaert
ERASER,noun,easy,brysbaert+quickdraw+original
EROSION,abstract,hard,seed
ESCALATOR,noun,easy,brysbaert
EUCALYPTUS,noun,easy,brysbaert
EVOLUTION,abstract,hard,seed
EXAM,noun,hard,brysbaert
EXHIBIT,verb,hard,brysbaert
EXOSKELETON,noun,easy,brysbaert
EXPLODE,verb,hard,brysbaert
EXPLOSION,noun,hard,brysbaert
EXTINGUISHER,noun,easy,brysbaert
EYE,noun,easy,brysbaert+quickdraw
EYEBALL,noun,easy,brysbaert
EYEBROW,noun,easy,brysbaert
EYELASH,noun,easy,brysbaert
EYELINER,noun,easy,brysbaert
EYES,noun,easy,brysbaert
EYEWASH,noun,easy,brysbaert
FACE,noun,easy,brysbaert+quickdraw
FACEPLATE,noun,hard,brysbaert
FACTORY,noun,easy,brysbaert+original
FAIRGROUND,noun,easy,brysbaert
FALCON,noun,easy,brysbaert
FALL,verb,hard,brysbaert
FAMILY,noun,hard,brysbaert
FAN,noun,easy,quickdraw
FARM,verb,hard,brysbaert
FARMER,noun,hard,brysbaert
FARMHOUSE,noun,easy,brysbaert
FARMLAND,noun,easy,brysbaert
FAUCET,noun,easy,original
FEAR,abstract,hard,seed
FEAST,noun,hard,brysbaert
FEATHER,noun,easy,quickdraw+original
FEED,verb,hard,brysbaert
FEEDBAG,noun,easy,brysbaert
FELINE,noun,hard,brysbaert
FELL,verb,hard,brysbaert
FEMUR,noun,easy,brysbaert
FENCE,noun,easy,quickdraw
FENDER,noun,hard,brysbaert
FERN,noun,easy,brysbaert+original
FERRYBOAT,noun,easy,brysbaert
FERTILIZER,noun,easy,brysbaert
FETTUCCINE,noun,easy,brysbaert
FIBER,noun,easy,original
FIBERGLASS,noun,easy,brysbaert
FIG,noun,easy,brysbaert
FIGHT,noun,hard,brysbaert
FIGURINE,noun,easy,brysbaert
FILE,verb,hard,brysbaert
FILLING,verb,hard,brysbaert
FILM,noun,easy,brysbaert
FILMMAKER,noun,hard,brysbaert
FILTER,noun,easy,original
FIN,noun,easy,brysbaert
FINGER,noun,easy,quickdraw+original
FINGERNAIL,noun,easy,brysbaert
FINGERPRINT,noun,easy,brysbaert
FINGERTIP,noun,easy,brysbaert
FIRE,noun,hard,brysbaert
FIREBALL,noun,hard,brysbaert
FIREBIRD,noun,hard,brysbaert
FIRECRACKER,noun,hard,brysbaert
FIREFIGHTER,noun,easy,brysbaert
FIREFLY,noun,easy,brysbaert
FIREHOUSE,noun,hard,brysbaert
FIRELIGHT,noun,hard,brysbaert
FIREPLACE,noun,easy,brysbaert+quickdraw
FIRETRUCK,noun,easy,quickdraw
FIREWOOD,noun,easy,brysbaert
FIREWORK,noun,hard,brysbaert
FIRM,verb,hard,brysbaert
FISH,noun,easy,brysbaert+quickdraw
FISHBOWL,noun,easy,brysbaert
FISHERY,noun,hard,brysbaert
FISHHOOKS,noun,easy,brysbaert
FISHNET,noun,easy,brysbaert
FIST,noun,easy,brysbaert
FIZZ,noun,hard,brysbaert
FLAG,noun,easy,brysbaert
FLAGPOLE,noun,easy,brysbaert
FLAGSTONE,noun,easy,brysbaert
FLAME,verb,hard,brysbaert+original
FLAMINGO,noun,easy,brysbaert+quickdraw
FLARE,noun,hard,brysbaert
FLASHLIGHT,noun,easy,brysbaert+quickdraw
FLASK,noun,easy,brysbaert+original
FLATBED,noun,hard,brysbaert
FLATTOP,noun,hard,brysbaert
FLEA,noun,easy,brysbaert
FLEECE,noun,easy,brysbaert+original
FLINT,noun,hard,brysbaert+original
FLIP,verb,hard,brysbaert
FLOAT,verb,hard,brysbaert
FLOCK,noun,hard,brysbaert
FLOOD,noun,hard,brysbaert+original
FLOODLIGHT,noun,hard,brysbaert
FLOOR,noun,easy,brysbaert
FLOORBOARD,noun,easy,brysbaert
FLORIST,noun,hard,brysbaert
FLOWER,noun,easy,brysbaert+quickdraw
FLOWERBED,noun,easy,brysbaert
FLOWERPOT,noun,easy,brysbaert
FLUID,noun,easy,brysbaert
FLUTE,noun,easy,brysbaert
FLY,verb,hard,brysbaert
FLYER,noun,hard,brysbaert
FOAM,noun,easy,brysbaert
FOG,noun,hard,brysbaert+original
FOGHORN,noun,easy,brysbaert
FOIL,noun,hard,brysbaert
FOLD,noun,hard,brysbaert
FOLDER,noun,easy,brysbaert
FOLLICLE,noun,hard,brysbaert
FONDUE,noun,easy,brysbaert
FOOD,noun,easy,brysbaert
FOOT,noun,easy,brysbaert+quickdraw
FOOTBALL,noun,easy,brysbaert
FOOTPATH,noun,easy,brysbaert
FOOTSTEP,noun,hard,brysbaert
FOOTSTOOL,noun,easy,brysbaert
FOOTWEAR,noun,hard,brysbaert
FORCEPS,noun,easy,brysbaert
FOREARM,noun,hard,brysbaert
FOREFINGER,noun,hard,brysbaert
FOREHEAD,noun,easy,brysbaert
FOREPAW,noun,hard,brysbaert
FORK,noun,easy,brysbaert+quickdraw
FORKLIFT,noun,easy,brysbaert
FORT,verb,hard,brysbaert
FORTRESS,noun,easy,brysbaert
FOSSIL,noun,easy,brysbaert
FOUNTAIN,noun,easy,brysbaert+original
FOWL,noun,hard,brysbaert
FOX,noun,easy,brysbaert
FRAME,noun,easy,original
FREEDOM,abstract,hard,seed
FREEWAY,noun,easy,brysbaert
FREEZE,verb,hard,brysbaert
FREEZER,noun,easy,brysbaert
FRIDGE,noun,easy,brysbaert
FROST,noun,hard,brysbaert+original
FROSTBITE,noun,hard,brysbaert
FRUIT,noun,easy,brysbaert
FRY,noun,hard,brysbaert
FUEL,verb,hard,brysbaert
FULL,verb,hard,brysbaert
FUNDS,verb,hard,brysbaert
FUNGI,noun,hard,brysbaert
FUNGUS,noun,hard,brysbaert
FUNNEL,noun,easy,original
FURNACE,noun,hard,brysbaert+original
FURNITURE,noun,easy,brysbaert
FUSE,noun,easy,original
FUTON,noun,easy,brysbaert
GADGET,noun,hard,brysbaert
GALAXY,noun,easy,original
GALLERY,noun,hard,brysbaert
GAME,noun,hard,brysbaert
GARAGE,noun,easy,brysbaert+original
GARBAGE,noun,hard,brysbaert
GARDEN,noun,easy,brysbaert+quickdraw
GARDENER,noun,hard,brysbaert
GARLAND,noun,easy,brysbaert
GARLIC,noun,easy,brysbaert
GARMENT,noun,easy,brysbaert
GAS,noun,hard,brysbaert
GASLIGHT,noun,hard,brysbaert
GASOLINE,noun,easy,brysbaert
GATE,noun,easy,brysbaert+original
GATEHOUSE,noun,hard,brysbaert
GATOR,noun,easy,brysbaert
GAUNTLET,noun,hard,brysbaert+original
GAUZE,noun,hard,brysbaert
GAVEL,noun,easy,brysbaert
GAZEBO,noun,easy,brysbaert
GAZELLE,noun,easy,brysbaert
GEAR,noun,hard,brysbaert+original
GEARBOX,noun,easy,brysbaert
GEARSHIFT,noun,hard,brysbaert
GECKO,noun,easy,brysbaert
GEL,noun,easy,brysbaert
GELATIN,noun,easy,brysbaert
GEM,noun,easy,brysbaert+original
GERANIUM,noun,easy,brysbaert
GERBIL,noun,easy,brysbaert
GEYSER,noun,hard,brysbaert+original
GIFT,noun,hard,brysbaert
GILL,noun,easy,original
GINGER,noun,easy,brysbaert
GINGERBREAD,noun,easy,brysbaert
GINSENG,noun,hard,brysbaert
GIRAFFE,noun,easy,brysbaert+quickdraw
GLACIER,noun,easy,brysbaert+original
GLADIATOR,noun,easy,brysbaert
GLASS,noun,easy,brysbaert
GLASSES,noun,easy,brysbaert
GLIDER,noun,hard,brysbaert
GLOBE,noun,hard,brysbaert+original
GLOVE,noun,easy,brysbaert
GLUE,verb,hard,brysbaert
GNAT,noun,easy,brysbaert
GOAL,noun,easy,original
GOALKEEPER,noun,hard,brysbaert
GOALPOST,noun,easy,brysbaert
GOAT,noun,easy,brysbaert
GOATEE,noun,easy,brysbaert+quickdraw
GOBLET,noun,hard,brysbaert
GOGGLES,noun,easy,brysbaert+original
GOLD,noun,easy,brysbaert
GOLDFISH,noun,easy,brysbaert
GOLDSMITH,noun,easy,brysbaert
GOLF,noun,hard,brysbaert
GOLFER,noun,easy,brysbaert
GOLFING,noun,hard,brysbaert
GONDOLA,noun,easy,brysbaert
GONG,noun,easy,brysbaert+original
GOOSE,noun,easy,brysbaert
GOOSEBUMPS,noun,easy,brysbaert
GOPHER,noun,hard,brysbaert
GOURD,noun,easy,brysbaert
GOWN,noun,hard,brysbaert+original
GRAB,verb,hard,brysbaert
GRADUATION,abstract,hard,seed
GRAIN,noun,easy,brysbaert+original
GRAMOPHONE,noun,easy,brysbaert
GRANITE,noun,easy,brysbaert
GRANOLA,noun,easy,brysbaert
GRAPE,noun,easy,brysbaert
GRAPEFRUIT,noun,easy,brysbaert
GRAPHITE,noun,hard,brysbaert
GRASS,noun,easy,quickdraw
GRASSHOPPER,noun,easy,brysbaert
GRASSLAND,noun,hard,brysbaert
GRATER,noun,hard,brysbaert
GRAVE,noun,hard,brysbaert
GRAVEL,noun,easy,original
GRAVITY,abstract,hard,seed
GRAVY,noun,easy,brysbaert
GREASE,noun,hard,brysbaert
GREENHOUSE,noun,easy,brysbaert
GREW,verb,hard,brysbaert
GRID,noun,hard,brysbaert+original
GRILL,noun,easy,brysbaert
GRIN,noun,hard,brysbaert
GRINDSTONE,noun,hard,brysbaert
GROCERY,noun,hard,brysbaert
GROUND,verb,hard,brysbaert
GROUNDHOG,noun,easy,brysbaert
GROUNDS,noun,hard,brysbaert
GROUNDSKEEPER,noun,hard,brysbaert
GROUT,noun,hard,brysbaert
GROVE,noun,easy,brysbaert+original
GROWTH,abstract,hard,seed
GUACAMOLE,noun,easy,brysbaert
GUARDRAIL,noun,easy,brysbaert
GUAVA,noun,easy,brysbaert
GUESTHOUSE,noun,hard,brysbaert
GUIDEBOOK,noun,easy,brysbaert
GUITAR,noun,easy,brysbaert+quickdraw+original
GUITARIST,noun,hard,brysbaert
GUM,noun,easy,brysbaert
GUMDROP,noun,easy,brysbaert
GUTTER,noun,easy,brysbaert+original
GYM,noun,easy,brysbaert
GYMNASIUM,noun,easy,brysbaert
GYMNAST,noun,easy,brysbaert
GYRO,noun,hard,brysbaert
HAIL,verb,hard,brysbaert
HAILSTORM,noun,hard,brysbaert
HAIR,noun,easy,brysbaert
HAIRBALL,noun,easy,brysbaert
HAIRBRUSH,noun,easy,brysbaert
HAIRCUT,noun,easy,brysbaert
HAIRDRESSER,noun,easy,brysbaert
HAIRNET,noun,easy,brysbaert
HAIRPIECE,noun,easy,brysbaert
HAIRPIN,noun,easy,brysbaert
HALLWAY,noun,easy,brysbaert
HAMMER,noun,easy,brysbaert+quickdraw+original
HAMMOCK,noun,easy,brysbaert
HAMSTER,noun,easy,brysbaert
HAND,noun,easy,quickdraw
HANDBOOK,noun,hard,brysbaert
HANDLE,verb,hard,brysbaert+original
HANDLEBAR,noun,easy,brysbaert
HANDSAW,noun,easy,brysbaert
HANDSHAKE,noun,hard,brysbaert
HANDSTAND,noun,hard,brysbaert
HANDWRITING,noun,hard,brysbaert
HANGER,noun,easy,brysbaert
HANGNAIL,noun,easy,brysbaert
HANKY,noun,easy,brysbaert
HARBOR,verb,hard,brysbaert
HARDCOVER,noun,hard,brysbaert
HARDWARE,noun,hard,brysbaert
HARE,noun,easy,brysbaert
HARMONICA,noun,easy,brysbaert
HARMONY,abstract,hard,seed
HARNESS,noun,easy,original
HARP,noun,easy,brysbaert+quickdraw+original
HARVEST,noun,easy,original
HARVESTER,noun,hard,brysbaert
HAT,noun,easy,brysbaert+quickdraw
HATBOX,noun,easy,brysbaert
HATCH,verb,hard,brysbaert
HATCHBACK,noun,hard,brysbaert
HATCHET,noun,easy,brysbaert
HAWK,noun,easy,brysbaert
HAY,noun,easy,brysbaert
HAYLOFT,noun,hard,brysbaert
HAYSTACK,noun,easy,brysbaert
HAZELNUT,noun,hard,brysbaert
HEAD,noun,easy,brysbaert
HEADBAND,noun,easy,brysbaert
HEADBOARD,noun,hard,brysbaert
HEADGEAR,noun,easy,brysbaert
HEADLIGHT,noun,easy,brysbaert
HEADPIECE,noun,easy,brysbaert
HEADREST,noun,easy,brysbaert
HEADSET,noun,easy,brysbaert
HEAR,verb,hard,brysbaert
HEART,noun,hard,brysbaert
HEATER,noun,easy,brysbaert
HEDGEHOG,noun,easy,brysbaert+quickdraw
HEEL,noun,easy,brysbaert
HELMET,noun,easy,brysbaert+quickdraw+original
HEM,noun,hard,brysbaert
HEMLINE,noun,hard,brysbaert
HEMLOCK,noun,easy,brysbaert
HEN,noun,easy,brysbaert
HENHOUSE,noun,easy,brysbaert
HERBS,noun,easy,brysbaert
HERRING,noun,hard,brysbaert
HEXAGON,noun,easy,quickdraw
HIGHCHAIR,noun,easy,brysbaert
HIGHLIGHTER,noun,easy,brysbaert
HIGHSCHOOL,noun,easy,brysbaert
HIGHWAY,noun,easy,brysbaert
HIKE,noun,hard,brysbaert
HILL,noun,easy,brysbaert
HILLSIDE,noun,easy,brysbaert
HILLTOP,noun,easy,brysbaert
HINGE,noun,hard,brysbaert+original
HIPPO,noun,easy,brysbaert
HIPPOPOTAMUS,noun,easy,brysbaert
HISTORY,abstract,hard,seed
HIT,verb,hard,brysbaert
HITCHHIKER,noun,easy,brysbaert
HIVE,noun,easy,brysbaert
HOAGIE,noun,hard,brysbaert
HOIST,noun,easy,original
HOLD,verb,hard,brysbaert
HOLE,noun,easy,brysbaert
HOLLER,verb,hard,brysbaert
HOLLY,noun,hard,brysbaert+original
HOLOGRAM,noun,hard,brysbaert
HOLOGRAPH,noun,hard,brysbaert
HOMEWORK,noun,hard,brysbaert
HONEY,noun,easy,brysbaert
HONEYBEE,noun,easy,brysbaert
HONEYDEW,noun,easy,brysbaert
HOOF,noun,easy,brysbaert
HOOK,verb,hard,brysbaert
HOOP,noun,easy,brysbaert
HOP,verb,hard,brysbaert
HOPE,abstract,hard,seed
HOPSCOTCH,noun,hard,brysbaert
HORIZON,noun,hard,brysbaert+original
HORN,noun,easy,brysbaert
HORNET,noun,easy,brysbaert
HORSE,noun,easy,brysbaert+quickdraw
HORSEFLY,noun,easy,brysbaert
HORSEHAIR,noun,easy,brysbaert
HORSERADISH,noun,easy,brysbaert
HORSESHOE,noun,easy,brysbaert
HOSE,noun,easy,brysbaert+original
HOSPITAL,noun,easy,brysbaert+quickdraw
HOTEL,noun,easy,brysbaert
HOTPLATE,noun,easy,brysbaert
HOURGLASS,noun,easy,brysbaert+quickdraw
HOUSE,noun,easy,brysbaert+quickdraw
HOUSEBOAT,noun,easy,brysbaert
HOUSECOAT,noun,easy,brysbaert
HOUSEFLY,noun,easy,brysbaert
HOUSEGUEST,noun,hard,brysbaert
HUBCAP,noun,easy,brysbaert
HUDDLE,noun,hard,brysbaert
HUG,verb,hard,brysbaert
HUMAN,noun,easy,brysbaert
HUMMINGBIRD,noun,easy,brysbaert
HUMMUS,noun,hard,brysbaert
HURRICANE,noun,easy,brysbaert+quickdraw+original
HUSK,noun,easy,brysbaert
HUT,noun,hard,brysbaert
HYDRANT,noun,easy,brysbaert
ICE,noun,easy,brysbaert
ICEBERG,noun,easy,brysbaert
ICEBOX,noun,easy,brysbaert
ICICLE,noun,easy,brysbaert
ICING,noun,hard,brysbaert
IDEA,abstract,hard,seed
IGLOO,noun,easy,brysbaert+original
IGUANA,noun,easy,brysbaert
ILLUSTRATION,noun,hard,brysbaert
INCHWORM,noun,easy,brysbaert
INDIGO,noun,hard,brysbaert
INFINITY,abstract,hard,seed
INFLATION,abstract,hard,seed
INK,verb,hard,brysbaert+original
INKWELL,noun,hard,brysbaert
INN,noun,hard,brysbaert
INSECT,noun,easy,brysbaert
INSIGNIA,noun,hard,brysbaert
INSPECTOR,noun,hard,brysbaert
INSTRUMENT,noun,hard,brysbaert
INTERCOM,noun,hard,brysbaert
INTERVIEWER,noun,hard,brysbaert
INVESTIGATOR,noun,hard,brysbaert
IRIS,noun,hard,brysbaert
IRON,noun,hard,brysbaert
IRONWORKS,noun,hard,brysbaert
ISLAND,noun,easy,brysbaert+original
ITEM,noun,hard,brysbaert
IVY,noun,easy,original
JACKET,noun,easy,brysbaert+quickdraw+original
JACKHAMMER,noun,easy,brysbaert
JACKRABBIT,noun,hard,brysbaert
JADE,noun,easy,original
JAGUAR,noun,easy,brysbaert
JAIL,noun,easy,brysbaert+quickdraw
JALAPENO,noun,easy,brysbaert
JAM,verb,hard,brysbaert
JANITOR,noun,hard,brysbaert
JAR,verb,hard,brysbaert+original
JASMINE,noun,hard,brysbaert
JAVELIN,noun,easy,brysbaert
JAW,verb,hard,brysbaert+original
JAWBONE,noun,easy,brysbaert
JAYBIRD,noun,easy,brysbaert
JEALOUSY,abstract,hard,seed
JELLY,noun,easy,brysbaert
JELLYFISH,noun,easy,brysbaert
JESTER,noun,hard,brysbaert
JET,noun,easy,brysbaert
JEWEL,noun,easy,brysbaert+original
JEWELER,noun,hard,brysbaert
JEWELRY,noun,easy,brysbaert
JIGSAW,noun,easy,brysbaert+original
JOGGER,noun,hard,brysbaert
JOUST,noun,hard,brysbaert
JOY,abstract,hard,seed
JOYSTICK,noun,easy,brysbaert
JUDGE,verb,hard,brysbaert
JUG,noun,easy,brysbaert+original
JUGGLER,noun,hard,brysbaert
JUICE,noun,easy,brysbaert
JUICER,noun,hard,brysbaert
JUKEBOX,noun,easy,brysbaert
JUMP,verb,hard,brysbaert
JUMPSUIT,noun,easy,brysbaert
JUNGLE,noun,hard,brysbaert+original
JURY,noun,hard,brysbaert
JUSTICE,abstract,hard,seed
KALE,noun,easy,brysbaert
KALEIDOSCOPE,noun,easy,brysbaert
KANGAROO,noun,easy,brysbaert+quickdraw
KARAOKE,noun,hard,brysbaert
KAYAK,noun,easy,brysbaert
KELP,noun,easy,brysbaert
KENNEL,noun,easy,brysbaert
KERCHIEF,noun,easy,brysbaert
KETCHUP,noun,easy,brysbaert
KETTLE,noun,easy,brysbaert+original
KEY,noun,easy,brysbaert+quickdraw
KEYBOARD,noun,easy,brysbaert+quickdraw+original
KEYPAD,noun,easy,brysbaert
KICK,verb,hard,brysbaert
KILN,noun,easy,brysbaert
KILT,noun,easy,brysbaert
KINGFISHER,noun,easy,brysbaert
KIOSK,noun,hard,brysbaert
KIT,noun,hard,brysbaert
KITCHEN,noun,easy,brysbaert
KITE,noun,easy,brysbaert
KITTEN,noun,easy,brysbaert
KIWI,noun,easy,brysbaert
KNEE,noun,easy,brysbaert+quickdraw
KNEECAP,noun,easy,brysbaert
KNEELING,noun,hard,brysbaert
KNIFE,noun,easy,brysbaert+quickdraw
KNIGHT,noun,easy,brysbaert
KNIT,noun,hard,brysbaert
KNOB,noun,easy,brysbaert
KNOCK,verb,hard,brysbaert
KNOT,noun,easy,brysbaert
KNOWLEDGE,abstract,hard,seed
KOALA,noun,easy,brysbaert
LAB,noun,hard,brysbaert
LABEL,verb,hard,brysbaert
LADDER,noun,easy,brysbaert+quickdraw+original
LADYBUG,noun,easy,brysbaert
LAGOON,noun,hard,brysbaert+original
LAKE,noun,easy,brysbaert
LAKEFRONT,noun,easy,brysbaert
LAKESIDE,noun,hard,brysbaert
LAMB,noun,easy,brysbaert
LAMP,noun,easy,brysbaert
LAMPLIGHT,noun,easy,brysbaert
LAMPPOST,noun,hard,brysbaert
LAMPSHADE,noun,easy,brysbaert
LAND,noun,hard,brysbaert
LANDFILL,noun,hard,brysbaert
LANDMARK,noun,hard,brysbaert
LANE,noun,hard,brysbaert
LANGUAGE,abstract,hard,seed
LANTERN,noun,easy,brysbaert+quickdraw+original
LAPTOP,noun,easy,brysbaert+quickdraw
LARVA,noun,hard,brysbaert
LASAGNA,noun,easy,brysbaert
LASER,noun,hard,brysbaert
LASSO,noun,easy,brysbaert
LATCH,noun,easy,brysbaert+original
LATTE,noun,hard,brysbaert
LAUGHING,verb,hard,brysbaert
LAUNCH,verb,hard,brysbaert
LAUNDRY,noun,easy,brysbaert
LAVA,noun,easy,brysbaert+original
LAVATORY,noun,easy,brysbaert
LAVENDER,noun,hard,brysbaert
LAWN,noun,easy,brysbaert
LAWYER,noun,easy,brysbaert
LEAF,noun,easy,brysbaert+quickdraw+original
LEASE,verb,hard,brysbaert
LEASH,noun,easy,brysbaert+original
LEATHER,noun,easy,brysbaert
LEDGE,noun,easy,brysbaert
LEFT,verb,hard,brysbaert
LEFTOVERS,noun,hard,brysbaert
LEG,noun,easy,brysbaert+quickdraw
LEMON,noun,easy,brysbaert
LEMONADE,noun,easy,brysbaert
LENS,noun,hard,brysbaert+original
LEOPARD,noun,easy,brysbaert
LETTER,noun,easy,brysbaert
LEVEL,noun,easy,original
LEVER,noun,easy,brysbaert+original
LIBRARY,noun,easy,brysbaert
LICE,noun,easy,brysbaert
LICENCE,noun,hard,brysbaert
LICHEN,noun,easy,original
LICORICE,noun,easy,brysbaert
LID,noun,easy,brysbaert
LIFEGUARD,noun,hard,brysbaert
LIFT,verb,hard,brysbaert
LIGHTER,noun,easy,brysbaert+quickdraw
LIGHTHOUSE,noun,easy,brysbaert+quickdraw+original
LIGHTNING,noun,easy,brysbaert+quickdraw
LILAC,noun,hard,brysbaert
LILY,noun,hard,brysbaert+original
LIMB,noun,hard,brysbaert
LIME,noun,easy,brysbaert+original
LIMO,noun,easy,brysbaert
LINE,noun,easy,brysbaert+quickdraw
LINEBACKER,noun,hard,brysbaert
LINEN,noun,easy,brysbaert
LINGUINI,noun,hard,brysbaert
LINOLEUM,noun,easy,brysbaert
LINT,noun,easy,brysbaert
LION,noun,easy,brysbaert+quickdraw
LIP,noun,easy,brysbaert
LIPSTICK,noun,easy,quickdraw
LIQUID,noun,easy,brysbaert
LIQUOR,noun,easy,brysbaert
LIST,verb,hard,brysbaert
LIT,verb,hard,brysbaert
LITTER,noun,hard,brysbaert
LIVE,verb,hard,brysbaert
LIVESTOCK,noun,easy,brysbaert
LIZARD,noun,hard,brysbaert
LLAMA,noun,easy,brysbaert
LOAF,noun,easy,brysbaert
LOBBY,noun,easy,brysbaert
LOBE,noun,hard,brysbaert
LOBSTER,noun,easy,brysbaert+quickdraw
LOCK,verb,hard,brysbaert
LOCKER,noun,hard,brysbaert
LOCKET,noun,easy,brysbaert+original
LOCKSMITH,noun,hard,brysbaert
LOCOMOTIVE,noun,easy,brysbaert
LOCUST,noun,easy,brysbaert
LODGINGS,noun,hard,brysbaert
LOG,noun,easy,brysbaert
LOGGER,noun,hard,brysbaert
LOLLIPOP,noun,easy,brysbaert+quickdraw
LONELINESS,abstract,hard,seed
LONGBOAT,noun,hard,brysbaert
LONGHORN,noun,hard,brysbaert
LOOKING,verb,hard,brysbaert
LOOM,noun,easy,original
LOOT,noun,hard,brysbaert
LOTION,noun,easy,brysbaert
LOTUS,noun,hard,brysbaert
LOUDSPEAKER,noun,easy,brysbaert
LOVE,abstract,hard,seed
LOVEBIRD,noun,hard,brysbaert
LUCK,abstract,hard,seed
LUGGAGE,noun,easy,brysbaert+original
LUNCH,verb,hard,brysbaert
LUNCHROOM,noun,hard,brysbaert
LUNGFISH,noun,hard,brysbaert
MACARONI,noun,easy,brysbaert
MACAROON,noun,easy,brysbaert
MACAW,noun,easy,brysbaert
MACE,noun,easy,brysbaert
MACHETE,noun,easy,brysbaert
MACHINERY,noun,easy,brysbaert
MACKEREL,noun,easy,brysbaert
MAGAZINE,noun,easy,brysbaert
MAGMA,noun,easy,brysbaert
MAGNET,noun,easy,brysbaert+original
MAGNOLIA,noun,easy,brysbaert
MAHOGANY,noun,hard,brysbaert
MAIL,noun,hard,brysbaert
MAILBAG,noun,easy,brysbaert
MAILBOX,noun,easy,brysbaert+quickdraw
MAINSAIL,noun,hard,brysbaert
MALL,noun,easy,brysbaert
MALLET,noun,easy,brysbaert+original
MAMMAL,noun,hard,brysbaert
MANATEE,noun,hard,brysbaert
MANDOLIN,noun,easy,brysbaert
MANE,noun,easy,brysbaert
MANGO,noun,easy,brysbaert
MANOR,noun,easy,brysbaert
MANSION,noun,easy,brysbaert
MANTEL,noun,hard,brysbaert
MANTIS,noun,easy,brysbaert
MANTLE,noun,hard,brysbaert+original
MANUAL,noun,hard,brysbaert
MANUSCRIPT,noun,hard,brysbaert
MAP,noun,easy,quickdraw+original
MARBLE,noun,easy,brysbaert
MARBLES,noun,easy,brysbaert
MARE,noun,easy,brysbaert
MARINARA,noun,hard,brysbaert
MARINER,noun,hard,brysbaert
MARKED,verb,hard,brysbaert
MARKER,noun,easy,brysbaert+quickdraw
MARKET,noun,easy,brysbaert
MARMALADE,noun,easy,brysbaert
MARS,noun,hard,brysbaert
MARSH,noun,easy,brysbaert+original
MARSHMALLOW,noun,easy,brysbaert
MASCARA,noun,easy,brysbaert
MASK,verb,hard,brysbaert+original
MAST,noun,easy,brysbaert+original
MAT,noun,easy,brysbaert+original
MATCH,verb,hard,brysbaert
MATCHBOOK,noun,easy,brysbaert
MATCHBOX,noun,easy,brysbaert
MATTRESS,noun,easy,brysbaert+original
MAYO,noun,easy,brysbaert
MAZE,noun,hard,brysbaert
MEADOW,noun,easy,brysbaert+original
MEAL,noun,hard,brysbaert
MEDAL,noun,easy,brysbaert+original
MEDALLION,noun,hard,brysbaert
MEDIC,noun,hard,brysbaert
MEDICINE,noun,easy,brysbaert
MEERKAT,noun,easy,brysbaert
MEGAPHONE,noun,easy,brysbaert+quickdraw
MELON,noun,easy,brysbaert+original
MELT,verb,hard,brysbaert
MEMORY,abstract,hard,seed
MENU,noun,hard,brysbaert
MERCHANDISE,noun,hard,brysbaert
MERCHANT,noun,hard,brysbaert
MESH,noun,hard,brysbaert+original
MESSAGE,verb,hard,brysbaert
METAL,noun,easy,brysbaert
METEOR,noun,easy,brysbaert
METEOROLOGIST,noun,hard,brysbaert
METER,noun,easy,brysbaert
MICROCHIP,noun,easy,brysbaert
MICROCOMPUTER,noun,hard,brysbaert
MICROPHONE,noun,easy,brysbaert+quickdraw
MICROSCOPE,noun,easy,brysbaert
MICROWAVE,noun,easy,quickdraw
MIDFIELD,noun,hard,brysbaert
MILDEW,noun,hard,brysbaert
MILK,noun,easy,brysbaert
MILKSHAKE,noun,easy,brysbaert
MILLIMETER,noun,hard,brysbaert
MIME,noun,hard,brysbaert
MINER,noun,hard,brysbaert
MINERAL,noun,hard,brysbaert
MINIVAN,noun,easy,brysbaert
MINNOW,noun,easy,brysbaert
MINT,noun,hard,brysbaert
MIRROR,noun,easy,brysbaert+original
MIST,noun,easy,original
MISTLETOE,noun,easy,brysbaert
MITTEN,noun,easy,brysbaert
MIX,verb,hard,brysbaert
MOAT,noun,hard,brysbaert
MOCHA,noun,easy,brysbaert
MOCKINGBIRD,noun,easy,brysbaert
MODEL,noun,hard,brysbaert
MOLAR,noun,easy,brysbaert
MOLASSES,noun,easy,brysbaert
MOLD,noun,easy,brysbaert
MOLEHILL,noun,hard,brysbaert
MONEY,noun,hard,brysbaert
MONGOOSE,noun,easy,brysbaert
MONKEY,noun,easy,brysbaert+quickdraw
MONOGRAM,noun,hard,brysbaert
MONORAIL,noun,easy,brysbaert
MONSOON,noun,hard,brysbaert
MONTH,noun,hard,brysbaert
MONUMENT,noun,hard,brysbaert+original
MOON,noun,easy,brysbaert+quickdraw
MOONLIGHT,noun,hard,brysbaert
MOONSTONE,noun,easy,brysbaert
MOP,noun,easy,original
MORSEL,noun,hard,brysbaert
MOSQUITO,noun,easy,brysbaert+quickdraw
MOSS,noun,easy,brysbaert+original
MOTEL,noun,easy,brysbaert
MOTH,noun,hard,brysbaert
MOTHBALL,noun,hard,brysbaert
MOTOR,noun,easy,brysbaert
MOTORBIKE,noun,easy,brysbaert+quickdraw
MOTORBOAT,noun,easy,brysbaert
MOTORCYCLIST,noun,easy,brysbaert
MOTORIST,noun,easy,brysbaert
MOUND,noun,hard,brysbaert
MOUNT,verb,hard,brysbaert
MOUNTAIN,noun,easy,brysbaert+quickdraw+original
MOUNTAINSIDE,noun,hard,brysbaert
MOUSE,noun,easy,brysbaert+quickdraw
MOUSETRAP,noun,easy,brysbaert
MOUSSE,noun,easy,brysbaert
MOUTH,noun,easy,brysbaert+quickdraw
MOUTHPIECE,noun,hard,brysbaert
MOUTHWASH,noun,hard,brysbaert
MOVING,verb,hard,brysbaert
MOWER,noun,easy,brysbaert
MOZZARELLA,noun,easy,brysbaert
MUD,noun,easy,brysbaert+original
MUFFIN,noun,easy,brysbaert
MUFFLER,noun,hard,brysbaert
MUG,noun,easy,brysbaert+quickdraw
MULE,noun,easy,brysbaert
MUMMY,noun,easy,brysbaert
MURAL,noun,hard,brysbaert+original
MUSEUM,noun,hard,brysbaert
MUSHROOM,noun,easy,brysbaert+quickdraw
MUSIC,abstract,hard,seed
MUSICIAN,noun,hard,brysbaert
MUSKRAT,noun,easy,brysbaert
MUSSEL,noun,hard,brysbaert
MUSTACHE,noun,easy,brysbaert
MUSTARD,noun,easy,brysbaert
MUTANT,noun,hard,brysbaert
MUZZLE,noun,hard,brysbaert
MYSTERY,abstract,hard,seed
NACHO,noun,easy,brysbaert
NAIL,noun,easy,quickdraw
NAMEPLATE,noun,hard,brysbaert
NAPKIN,noun,easy,brysbaert
NAVEL,noun,easy,brysbaert
NECK,noun,easy,brysbaert
NECKLACE,noun,easy,brysbaert+quickdraw
NECKLINE,noun,easy,brysbaert
NECTAR,noun,hard,brysbaert
NEEDLEPOINT,noun,hard,brysbaert
NEIGHBOR,noun,hard,brysbaert
NEIGHBORHOOD,noun,easy,brysbaert
NEST,noun,easy,brysbaert+original
NEWSCASTER,noun,hard,brysbaert
NEWSLETTER,noun,hard,brysbaert
NEWSPAPER,noun,easy,brysbaert
NEWSPRINT,noun,hard,brysbaert
NEWSROOM,noun,hard,brysbaert
NEWSSTAND,noun,easy,brysbaert
NICKEL,noun,easy,brysbaert
NIGHT,noun,hard,brysbaert
NIGHTCLUB,noun,easy,brysbaert
NIGHTSHIRT,noun,easy,brysbaert
NODE,noun,hard,brysbaert
NOODLE,noun,easy,brysbaert
NOSE,noun,easy,brysbaert+quickdraw
NOSTRIL,noun,easy,brysbaert
NOTCH,noun,hard,brysbaert
NOTE,noun,hard,brysbaert
NOTEBOOK,noun,easy,brysbaert
NOTEPAD,noun,easy,brysbaert
NOZZLE,noun,easy,brysbaert
NURSE,verb,hard,brysbaert
NURSERY,noun,hard,brysbaert
NUTCRACKER,noun,easy,brysbaert
NUTMEG,noun,hard,brysbaert
NYLON,noun,easy,brysbaert
OAK,noun,easy,brysbaert
OAR,noun,easy,brysbaert+original
OASIS,noun,hard,brysbaert+original
OAT,noun,easy,brysbaert
OATMEAL,noun,easy,brysbaert
OBELISK,noun,easy,original
OCEAN,noun,easy,brysbaert+quickdraw+original
OCTAGON,noun,easy,quickdraw
OCTOPUS,noun,easy,brysbaert+quickdraw
ODOMETER,noun,easy,brysbaert
OFFICE,noun,easy,brysbaert
OIL,noun,easy,brysbaert
OKRA,noun,easy,brysbaert
OLIVE,noun,easy,brysbaert
OMELET,noun,easy,brysbaert
ONION,noun,easy,brysbaert+quickdraw+original
ONYX,noun,hard,brysbaert
OPERATOR,noun,hard,brysbaert
OPTOMETRIST,noun,easy,brysbaert
ORANGE,noun,hard,brysbaert
ORBIT,noun,easy,original
ORCHARD,noun,easy,brysbaert+original
ORCHESTRA,noun,easy,brysbaert
ORCHID,noun,easy,brysbaert
OREGANO,noun,easy,brysbaert
ORGAN,noun,easy,brysbaert
ORTHOPEDIST,noun,easy,brysbaert
OSTRICH,noun,easy,brysbaert
OTTER,noun,easy,brysbaert
OTTOMAN,noun,easy,brysbaert
OUTDOORS,noun,hard,brysbaert
OUTFIELDER,noun,hard,brysbaert
OUTFIT,noun,hard,brysbaert
OUTHOUSE,noun,easy,brysbaert
OUTLET,noun,hard,brysbaert
OVEN,noun,easy,brysbaert+quickdraw+original
OVERALLS,noun,easy,brysbaert
OWL,noun,easy,brysbaert+quickdraw
OX,noun,easy,brysbaert
OYSTER,noun,easy,brysbaert
PACIFIER,noun,hard,brysbaert
PACK,verb,hard,brysbaert
PACKAGE,noun,easy,brysbaert
PAD,noun,hard,brysbaert
PADLOCK,noun,easy,brysbaert+original
PAGE,noun,easy,brysbaert
PAIL,noun,easy,brysbaert+original
PAINT,verb,hard,brysbaert
PAINTBALL,noun,easy,brysbaert
PAINTBOX,noun,hard,brysbaert
PAINTBRUSH,noun,easy,brysbaert+quickdraw
PAINTER,noun,hard,brysbaert
PAINTING,noun,hard,brysbaert
PAIR,verb,hard,brysbaert
PAJAMA,noun,easy,brysbaert
PALEONTOLOGIST,noun,hard,brysbaert
PALETTE,noun,easy,original
PALM,noun,easy,brysbaert
PAN,noun,easy,brysbaert
PANCAKE,noun,easy,brysbaert
PANDA,noun,easy,brysbaert+quickdraw
PANEL,noun,easy,original
PANT,noun,hard,brysbaert
PANTRY,noun,hard,brysbaert
PANTS,noun,easy,brysbaert+quickdraw
PANTSUIT,noun,easy,brysbaert
PAPAYA,noun,easy,brysbaert
PAPER,noun,easy,brysbaert
PAPERWEIGHT,noun,easy,brysbaert
PAPERWORK,noun,hard,brysbaert
PAPRIKA,noun,easy,brysbaert
PARACHUTE,noun,easy,brysbaert+quickdraw
PARACHUTIST,noun,hard,brysbaert
PARADE,noun,hard,brysbaert
PARAKEET,noun,easy,brysbaert
PARALEGAL,noun,hard,brysbaert
PARAMEDIC,noun,easy,brysbaert
PARCEL,noun,easy,brysbaert
PARCHMENT,noun,easy,original
PARENT,noun,hard,brysbaert
PARFAIT,noun,hard,brysbaert
PARK,noun,easy,brysbaert
PARKA,noun,hard,brysbaert
PARKWAY,noun,hard,brysbaert
PARMESAN,noun,hard,brysbaert
PARROT,noun,easy,brysbaert+quickdraw
PARSLEY,noun,easy,brysbaert
PASSAGEWAY,noun,hard,brysbaert
PASSPORT,noun,easy,brysbaert+quickdraw
PASTA,noun,easy,brysbaert
PASTE,noun,hard,brysbaert
PASTRY,noun,easy,brysbaert
PASTURE,noun,easy,brysbaert
PATCH,noun,easy,brysbaert
PATH,noun,easy,original
PATIO,noun,easy,brysbaert
PAVILION,noun,hard,brysbaert
PAY,verb,hard,brysbaert
PEA,noun,easy,brysbaert
PEACE,abstract,hard,seed
PEACH,noun,easy,brysbaert
PEACOCK,noun,easy,brysbaert
PEAK,noun,easy,original
PEANUT,noun,easy,brysbaert+quickdraw
PEANUTS,noun,easy,brysbaert
PEAR,noun,easy,brysbaert+quickdraw
PEARL,noun,easy,brysbaert
PEBBLE,noun,easy,brysbaert+original
PECAN,noun,easy,brysbaert
PEDAL,noun,hard,brysbaert
PEDESTAL,noun,hard,brysbaert
PEDESTRIAN,noun,hard,brysbaert
PEDIATRICIAN,noun,hard,brysbaert
PEELER,noun,hard,brysbaert
PEG,noun,easy,brysbaert
PELICAN,noun,easy,brysbaert+original
PELVIS,noun,easy,brysbaert
PEN,noun,easy,brysbaert
PENCIL,noun,easy,brysbaert+quickdraw+original
PENDANT,noun,easy,brysbaert
PENDULUM,noun,easy,original
PENGUIN,noun,easy,brysbaert+quickdraw
PENINSULA,noun,easy,brysbaert
PENLIGHT,noun,easy,brysbaert
PENNY,noun,easy,brysbaert
PENTAGON,noun,hard,brysbaert
PEOPLE,noun,easy,brysbaert
PEPPER,noun,hard,brysbaert
PEPPERCORN,noun,easy,brysbaert
PERCH,noun,hard,brysbaert
PERFUME,noun,hard,brysbaert
PERISCOPE,noun,easy,brysbaert+original
PET,noun,easy,brysbaert
PETAL,noun,easy,original
PETROLEUM,noun,hard,brysbaert
PETUNIA,noun,hard,brysbaert
PEWTER,noun,hard,brysbaert+original
PHARMACY,noun,easy,brysbaert
PHEASANT,noun,easy,brysbaert
PHONE,noun,easy,brysbaert
PHOTO,noun,easy,brysbaert
PHOTOGRAPH,verb,hard,brysbaert
PHOTOGRAPHER,noun,easy,brysbaert
PIANIST,noun,hard,brysbaert
PIANO,noun,easy,brysbaert+quickdraw
PICCOLO,noun,easy,brysbaert
PICK,verb,hard,brysbaert
PICKAXE,noun,easy,brysbaert
PICNIC,noun,easy,brysbaert
PICTURES,noun,easy,brysbaert
PIE,noun,easy,brysbaert
PIER,noun,hard,brysbaert
PIERCE,verb,hard,brysbaert
PIG,noun,easy,brysbaert+quickdraw
PIGLET,noun,easy,brysbaert
PIGMENT,noun,hard,brysbaert
PIGTAIL,noun,hard,brysbaert
PILAF,noun,hard,brysbaert
PILE,noun,hard,brysbaert
PILEUP,noun,hard,brysbaert
PILLAR,noun,easy,brysbaert+original
PILLBOX,noun,easy,brysbaert
PILLOW,noun,easy,brysbaert+quickdraw+original
PILLOWCASE,noun,easy,brysbaert
PILOT,noun,hard,brysbaert
PIN,noun,easy,brysbaert
PINBALL,noun,easy,original
PINCUSHION,noun,hard,brysbaert
PINEAPPLE,noun,easy,brysbaert+quickdraw
PINECONE,noun,easy,brysbaert
PINHOLE,noun,easy,brysbaert
PINSTRIPE,noun,hard,brysbaert
PINT,noun,hard,brysbaert
PINWHEEL,noun,hard,brysbaert
PIPELINE,noun,hard,brysbaert
PIRANHA,noun,easy,brysbaert
PIRATE,noun,hard,brysbaert
PISTACHIO,noun,easy,brysbaert
PISTON,noun,easy,brysbaert+original
PIT,noun,hard,brysbaert
PITCHER,noun,easy,brysbaert+original
PITCHFORK,noun,easy,brysbaert
PIZZA,noun,easy,brysbaert+quickdraw
PLANE,noun,easy,brysbaert
PLANETARIUM,noun,hard,brysbaert
PLANK,noun,easy,original
PLANKTON,noun,hard,brysbaert
PLANT,verb,hard,brysbaert
PLANTER,noun,hard,brysbaert
PLAQUE,noun,easy,brysbaert
PLASTIC,noun,easy,brysbaert
PLATE,noun,easy,brysbaert
PLATFORM,noun,hard,brysbaert
PLATTER,noun,easy,brysbaert
PLAYGROUND,noun,easy,brysbaert
PLAYHOUSE,noun,easy,brysbaert
PLAYPEN,noun,easy,brysbaert
PLAYROOM,noun,easy,brysbaert
PLAZA,noun,easy,original
PLIERS,noun,easy,brysbaert+quickdraw
PLOW,noun,easy,original
PLUG,noun,hard,brysbaert+original
PLUM,noun,easy,brysbaert
PLUMBER,noun,hard,brysbaert
PLUNGER,noun,easy,brysbaert
PLYWOOD,noun,easy,brysbaert
POCKET,noun,hard,brysbaert+original
POCKETBOOK,noun,easy,brysbaert
POD,noun,hard,brysbaert
PODIATRIST,noun,hard,brysbaert
PODIUM,noun,easy,brysbaert
POETRY,abstract,hard,seed
POINTED,verb,hard,brysbaert
POISON,verb,hard,brysbaert
POLLEN,noun,easy,brysbaert
POLO,noun,hard,brysbaert
POMEGRANATE,noun,easy,brysbaert
PONCHO,noun,easy,brysbaert
POND,noun,easy,brysbaert+quickdraw+original
PONY,noun,easy,brysbaert
PONYTAIL,noun,easy,brysbaert
POOL,noun,easy,brysbaert+quickdraw
POP,verb,hard,brysbaert
POPCORN,noun,easy,brysbaert
PORCELAIN,noun,hard,brysbaert
PORCH,noun,easy,brysbaert+original
PORE,noun,hard,brysbaert
PORRIDGE,noun,easy,brysbaert
PORT,verb,hard,brysbaert
PORTRAIT,noun,easy,brysbaert
POSSUM,noun,easy,brysbaert
POST,verb,hard,brysbaert
POSTAGE,noun,hard,brysbaert
POSTCARD,noun,easy,brysbaert+quickdraw
POTHOLE,noun,easy,brysbaert
POTION,noun,hard,brysbaert
POTPIE,noun,easy,brysbaert
POTPOURRI,noun,hard,brysbaert
POTTER,verb,hard,brysbaert
POTTERY,noun,easy,brysbaert+original
POUCH,noun,hard,brysbaert
POUND,noun,hard,brysbaert
POUR,verb,hard,brysbaert
POWDER,noun,easy,brysbaert
POWER,abstract,hard,seed
PRAIRIE,noun,easy,brysbaert
PRESS,verb,hard,brysbaert
PRETZEL,noun,easy,brysbaert
PRIDE,abstract,hard,seed
PRINTED,verb,hard,brysbaert
PRINTER,noun,hard,brysbaert
PRINTING,noun,hard,brysbaert
PRINTOUT,noun,hard,brysbaert
PRISM,noun,easy,original
PRISON,noun,hard,brysbaert
PRIZE,noun,hard,brysbaert
PROFESSOR,noun,easy,brysbaert
PROJECT,verb,hard,brysbaert
PROJECTOR,noun,hard,brysbaert
PRONG,noun,easy,brysbaert
PROPELLER,noun,easy,brysbaert+original
PUBLISHER,noun,hard,brysbaert
PUDDING,noun,easy,brysbaert
PULLEY,noun,easy,brysbaert+original
PULLOVER,noun,hard,brysbaert
PULSE,noun,hard,brysbaert
PUMA,noun,easy,brysbaert
PUMP,verb,hard,brysbaert
PUMPERNICKEL,noun,easy,brysbaert
PUMPKIN,noun,easy,brysbaert
PUNCH,noun,hard,brysbaert
PUP,noun,hard,brysbaert
PUPPET,noun,hard,brysbaert+original
PURSE,noun,easy,brysbaert+quickdraw
PUSH,verb,hard,brysbaert
PUSHUP,noun,hard,brysbaert
PUTTY,noun,hard,brysbaert
PUZZLE,noun,easy,brysbaert
PYTHON,noun,easy,brysbaert
QUARRY,noun,easy,original
QUARTER,noun,hard,brysbaert
QUARTERBACK,noun,hard,brysbaert
QUARTERS,noun,hard,brysbaert
QUARTET,noun,hard,brysbaert
QUARTZ,noun,easy,brysbaert+original
QUEEN,noun,hard,brysbaert
QUESADILLA,noun,easy,brysbaert
QUESTIONNAIRE,noun,hard,brysbaert
QUICHE,noun,hard,brysbaert
QUICKSAND,noun,easy,brysbaert
QUILL,noun,easy,brysbaert
QUILT,noun,easy,original
QUILTING,noun,hard,brysbaert
QUIZ,noun,hard,brysbaert
RABBIT,noun,easy,brysbaert+quickdraw
RACCOON,noun,easy,brysbaert+quickdraw
RACEHORSE,noun,easy,brysbaert
RACEWAY,noun,easy,brysbaert
RACING,verb,hard,brysbaert
RACOON,noun,easy,brysbaert
RACQUETBALL,noun,hard,brysbaert
RADAR,noun,hard,brysbaert
RADIATOR,noun,easy,brysbaert
RADIO,noun,easy,brysbaert+quickdraw
RADISH,noun,easy,brysbaert
RAILROAD,verb,hard,brysbaert
RAILWAY,noun,hard,brysbaert
RAIN,noun,easy,brysbaert+quickdraw+original
RAINBOW,noun,easy,brysbaert+quickdraw
RAINCOAT,noun,easy,brysbaert
RAINDROP,noun,easy,brysbaert
RAINFOREST,noun,hard,brysbaert
RAINSTORM,noun,easy,brysbaert
RAINWATER,noun,hard,brysbaert
RAISE,verb,hard,brysbaert
RAISIN,noun,easy,brysbaert
RAKE,noun,easy,quickdraw
RAM,noun,hard,brysbaert
RAMP,noun,easy,original
RANCH,noun,easy,brysbaert
RANCHER,noun,easy,brysbaert
RASH,noun,hard,brysbaert
RASPBERRY,noun,easy,brysbaert
RAT,verb,hard,brysbaert
RATTLESNAKE,noun,easy,brysbaert
RAVINE,noun,hard,brysbaert
RAVIOLI,noun,easy,brysbaert
RAZOR,noun,easy,brysbaert+original
REACH,verb,hard,brysbaert
READ,verb,hard,brysbaert
REALTOR,noun,hard,brysbaert
RECEIPT,noun,easy,brysbaert
RECEPTACLE,noun,hard,brysbaert
RECIPE,noun,hard,brysbaert
RECLINER,noun,hard,brysbaert
RECORDER,noun,hard,brysbaert
RECORDING,verb,hard,brysbaert
RECTANGLE,noun,easy,brysbaert
REDWOOD,noun,easy,brysbaert
REED,noun,easy,brysbaert
REEF,noun,easy,brysbaert+original
REFINERY,noun,hard,brysbaert
REGISTER,verb,hard,brysbaert
REPORTER,noun,hard,brysbaert
RESERVOIR,noun,easy,brysbaert+original
RESIN,noun,easy,original
RESORT,noun,hard,brysbaert
RESTAURANT,noun,easy,brysbaert
RESTING,verb,hard,brysbaert
RESTROOM,noun,easy,brysbaert
RESUME,verb,hard,brysbaert
RETINA,noun,hard,brysbaert
RHINESTONE,noun,easy,brysbaert
RHINO,noun,easy,brysbaert
RHUBARB,noun,easy,brysbaert
RIB,noun,easy,brysbaert
RIBBON,noun,easy,brysbaert+original
RICE,noun,easy,brysbaert
RICOTTA,noun,easy,brysbaert
RIDE,verb,hard,brysbaert
RIDGE,noun,hard,brysbaert+original
RIM,noun,hard,brysbaert
RING,noun,easy,brysbaert
RINK,noun,hard,brysbaert
RISE,verb,hard,brysbaert
RIVER,noun,easy,brysbaert+quickdraw
RIVERBANK,noun,hard,brysbaert
RIVERBED,noun,hard,brysbaert
RIVET,noun,easy,original
ROAD,noun,easy,brysbaert+original
ROADBLOCK,noun,easy,brysbaert
ROADHOUSE,noun,hard,brysbaert
ROADRUNNER,noun,hard,brysbaert
ROADWAY,noun,hard,brysbaert
ROBBING,verb,hard,brysbaert
ROBE,noun,easy,brysbaert
ROBOT,noun,hard,brysbaert
ROCKET,noun,easy,brysbaert
ROCKSLIDE,noun,hard,brysbaert
RODENT,noun,easy,brysbaert
RODEO,noun,easy,brysbaert
ROLL,verb,hard,brysbaert
ROLLER,noun,hard,brysbaert
ROLLERSKATES,noun,easy,quickdraw
ROOF,noun,easy,brysbaert
ROOFER,noun,easy,brysbaert
ROOFING,noun,hard,brysbaert
ROOFTOP,noun,easy,brysbaert
ROOM,noun,easy,brysbaert
ROOMMATE,noun,hard,brysbaert
ROOMS,noun,hard,brysbaert
ROOSTER,noun,easy,brysbaert
ROPE,noun,easy,brysbaert+original
ROSEBUD,noun,easy,brysbaert
ROSEMARY,noun,hard,brysbaert
ROSEWOOD,noun,easy,brysbaert
ROTUNDA,noun,hard,brysbaert
ROUTE,verb,hard,brysbaert
ROWBOAT,noun,easy,brysbaert
RUB,verb,hard,brysbaert
RUBBER,noun,easy,brysbaert
RUBY,noun,easy,brysbaert+original
RUDDER,noun,easy,brysbaert+original
RUG,noun,easy,brysbaert+original
RULER,noun,hard,brysbaert+original
RUN,verb,hard,brysbaert
RUNNER,noun,easy,brysbaert
RUNWAY,noun,hard,brysbaert
RUST,noun,hard,brysbaert
RYE,noun,easy,brysbaert
SACK,noun,easy,brysbaert+original
SADDLE,noun,easy,brysbaert+original
SADDLEBAG,noun,easy,brysbaert
SAGE,noun,hard,brysbaert
SAIL,verb,hard,brysbaert+original
SAILBOAT,noun,easy,brysbaert+quickdraw
SAILOR,noun,easy,brysbaert
SALAD,noun,easy,brysbaert+original
SALAMANDER,noun,easy,brysbaert
SALINE,noun,hard,brysbaert
SALMON,noun,easy,brysbaert
SALON,noun,easy,brysbaert
SALSA,noun,easy,brysbaert
SALT,noun,easy,brysbaert
SALTSHAKER,noun,easy,brysbaert
SALTWATER,noun,easy,brysbaert
SALUTE,verb,hard,brysbaert
SAND,noun,easy,brysbaert
SANDAL,noun,hard,brysbaert
SANDALWOOD,noun,easy,brysbaert
SANDBOX,noun,easy,brysbaert
SANDLOT,noun,hard,brysbaert
SANDPAPER,noun,easy,brysbaert
SANDSTONE,noun,easy,brysbaert
SANDWICH,noun,easy,quickdraw
SAP,noun,hard,brysbaert
SAPPHIRE,noun,easy,brysbaert+original
SARDINE,noun,easy,brysbaert
SASH,noun,hard,brysbaert
SATCHEL,noun,easy,brysbaert
SATELLITE,noun,easy,brysbaert
SATIN,noun,hard,brysbaert
SAUCE,verb,hard,brysbaert
SAUCEPAN,noun,hard,brysbaert
SAUNA,noun,hard,brysbaert
SAW,noun,easy,quickdraw+original
SAWDUST,noun,easy,brysbaert
SAWMILL,noun,easy,brysbaert
SAX,noun,hard,brysbaert
SAXOPHONE,noun,easy,brysbaert+quickdraw
SAXOPHONIST,noun,hard,brysbaert
SCAFFOLDING,noun,easy,brysbaert
SCALE,noun,hard,brysbaert
SCALLION,noun,easy,brysbaert
SCALPEL,noun,easy,brysbaert+original
SCANNER,noun,easy,brysbaert
SCAR,noun,easy,brysbaert
SCARECROW,noun,hard,brysbaert
SCHOOL,noun,easy,brysbaert
SCHOOLBAG,noun,hard,brysbaert
SCHOOLHOUSE,noun,easy,brysbaert
SCHOOLTEACHER,noun,easy,brysbaert
SCHOOLYARD,noun,hard,brysbaert
SCIENCE,abstract,hard,seed
SCISSORS,noun,easy,brysbaert+quickdraw
SCONE,noun,easy,brysbaert
SCOOTER,noun,easy,brysbaert
SCOREBOARD,noun,easy,brysbaert
SCORECARD,noun,hard,brysbaert
SCOREKEEPER,noun,hard,brysbaert
SCORPION,noun,easy,brysbaert+quickdraw
SCRAMBLED,verb,hard,brysbaert
SCRAPBOOK,noun,easy,brysbaert
SCREENPLAY,noun,hard,brysbaert
SCREWDRIVER,noun,easy,brysbaert+quickdraw
SCRIBBLE,noun,hard,brysbaert
SCRIPT,noun,easy,brysbaert
SCROLL,noun,easy,original
SCRUB,verb,hard,brysbaert
SCRUBBER,noun,hard,brysbaert
SCUBA,noun,hard,brysbaert
SCULPTURE,noun,easy,brysbaert
SCYTHE,noun,easy,original
SEA,noun,easy,brysbaert
SEAFOOD,noun,easy,brysbaert
SEAGULL,noun,easy,brysbaert
SEAL,noun,hard,brysbaert
SEALER,noun,hard,brysbaert
SEAM,noun,hard,brysbaert
SEAPLANE,noun,easy,brysbaert
SEAPORT,noun,hard,brysbaert
SEARCHLIGHT,noun,hard,brysbaert
SEASHELL,noun,easy,brysbaert+original
SEASIDE,noun,hard,brysbaert
SEAT,noun,easy,brysbaert
SEATBELT,noun,easy,brysbaert
SEAWEED,noun,easy,brysbaert
SEDAN,noun,easy,brysbaert
SEED,verb,hard,brysbaert+original
SEEDLING,noun,hard,brysbaert
SERVE,verb,hard,brysbaert
SERVER,noun,hard,brysbaert
SESAME,noun,hard,brysbaert
SEWER,noun,hard,brysbaert
SEWING,noun,hard,brysbaert
SHACK,noun,easy,original
SHADOW,noun,hard,brysbaert
SHAKE,verb,hard,brysbaert
SHALE,noun,easy,original
SHAMPOO,noun,hard,brysbaert
SHARK,noun,easy,brysbaert+quickdraw
SHARPENER,noun,hard,brysbaert
SHAVE,verb,hard,brysbaert
SHAWL,noun,easy,brysbaert
SHED,verb,hard,brysbaert
SHEEP,noun,easy,brysbaert+quickdraw
SHEEPHERDER,noun,easy,brysbaert
SHEET,noun,easy,brysbaert
SHELF,noun,easy,brysbaert+original
SHELL,noun,easy,brysbaert+original
SHELLFISH,noun,hard,brysbaert
SHELTER,noun,hard,brysbaert
SHEPHERD,noun,hard,brysbaert
SHERBET,noun,easy,brysbaert
SHIELD,noun,hard,brysbaert+original
SHIN,noun,easy,brysbaert
SHINE,verb,hard,brysbaert
SHINGLE,noun,easy,brysbaert
SHIP,verb,hard,brysbaert
SHIPBUILDING,noun,hard,brysbaert
SHIPMATE,noun,hard,brysbaert
SHIPYARD,noun,easy,brysbaert
SHIRT,noun,easy,brysbaert
SHIRTTAIL,noun,easy,brysbaert
SHOE,noun,easy,brysbaert+quickdraw
SHOEHORN,noun,hard,brysbaert
SHOELACE,noun,easy,brysbaert
SHOESHINE,noun,hard,brysbaert
SHOP,verb,hard,brysbaert
SHORE,verb,hard,brysbaert
SHORELINE,noun,easy,brysbaert
SHORTBREAD,noun,hard,brysbaert
SHORTS,noun,easy,brysbaert+quickdraw
SHOULDER,noun,easy,brysbaert
SHOUT,verb,hard,brysbaert
SHOVE,verb,hard,brysbaert
SHOVEL,noun,easy,brysbaert+quickdraw+original
SHOW,verb,hard,brysbaert
SHOWER,noun,easy,brysbaert
SHOWERHEAD,noun,easy,brysbaert
SHOWROOM,noun,hard,brysbaert
SHREDDER,noun,hard,brysbaert
SHRIMP,noun,easy,brysbaert
SHRINK,verb,hard,brysbaert
SHRUBBERY,noun,easy,brysbaert
SHUFFLEBOARD,noun,easy,brysbaert
SHUTTER,noun,easy,original
SHUTTLE,noun,hard,brysbaert
SIBLING,noun,hard,brysbaert
SIDEBURNS,noun,easy,brysbaert
SIDECAR,noun,easy,brysbaert
SIDEWALK,noun,easy,brysbaert
SIDING,noun,hard,brysbaert
SIEVE,noun,easy,original
SIFTER,noun,hard,brysbaert
SIGN,noun,hard,brysbaert
SIGNPOST,noun,hard,brysbaert
SILENCE,abstract,hard,seed
SILHOUETTE,noun,hard,brysbaert
SILICON,noun,hard,brysbaert
SILK,noun,easy,brysbaert
SILL,noun,hard,brysbaert
SILO,noun,easy,original
SILT,noun,easy,brysbaert
SILVER,noun,hard,brysbaert
SILVERWARE,noun,hard,brysbaert
SING,verb,hard,brysbaert
SINGER,noun,hard,brysbaert
SINK,noun,easy,quickdraw
SINKHOLE,noun,hard,brysbaert
SIT,verb,hard,brysbaert
SITE,noun,hard,brysbaert
SKATE,noun,hard,brysbaert
SKATEBOARD,noun,easy,brysbaert+quickdraw
SKATEBOARDER,noun,easy,brysbaert
SKATER,noun,hard,brysbaert
SKATING,noun,easy,brysbaert
SKELETON,noun,easy,brysbaert
SKETCH,noun,hard,brysbaert+original
SKETCHBOOK,noun,easy,brysbaert
SKEWER,noun,hard,brysbaert
SKI,noun,hard,brysbaert
SKILLET,noun,easy,brysbaert
SKIN,noun,easy,brysbaert
SKIP,verb,hard,brysbaert
SKIPPER,noun,hard,brysbaert
SKIRT,noun,easy,brysbaert
SKULL,noun,easy,brysbaert+quickdraw
SKUNK,noun,easy,brysbaert
SKYLIGHT,noun,easy,brysbaert
SKYLINE,noun,hard,brysbaert
SKYSCRAPER,noun,easy,brysbaert+quickdraw
SKYWRITING,noun,hard,brysbaert
SLAB,noun,hard,brysbaert
SLAP,noun,easy,brysbaert
SLATE,noun,hard,brysbaert+original
SLAW,noun,hard,brysbaert
SLED,noun,easy,brysbaert+original
SLEDGEHAMMER,noun,easy,brysbaert
SLEEP,abstract,hard,seed
SLEEPWALKER,noun,hard,brysbaert
SLEET,noun,easy,brysbaert
SLEEVE,noun,easy,brysbaert+original
SLICER,noun,easy,brysbaert
SLIDE,noun,hard,brysbaert
SLIM,verb,hard,brysbaert
SLIME,noun,hard,brysbaert
SLING,noun,hard,brysbaert+original
SLINGSHOT,noun,easy,brysbaert
SLIPKNOT,noun,hard,brysbaert
SLIPPED,verb,hard,brysbaert
SLIPPER,noun,easy,brysbaert
SLOTH,noun,easy,brysbaert
SLUDGE,noun,hard,brysbaert
SLUG,noun,hard,brysbaert
SMASH,verb,hard,brysbaert
SMILE,verb,hard,brysbaert
SMOCK,noun,easy,brysbaert
SMOKE,noun,easy,brysbaert
SMOKESTACK,noun,easy,brysbaert
SMOOTH,verb,hard,brysbaert
SMOOTHIE,noun,hard,brysbaert
SMUDGE,noun,hard,brysbaert
SNAIL,noun,easy,brysbaert+quickdraw
SNAKE,noun,easy,brysbaert+quickdraw
SNAPPER,noun,hard,brysbaert
SNAPSHOT,noun,hard,brysbaert
SNEAKER,noun,hard,brysbaert
SNORKEL,noun,easy,brysbaert+quickdraw
SNOUT,noun,easy,brysbaert
SNOW,noun,easy,brysbaert
SNOWBALL,noun,easy,brysbaert
SNOWBOARD,noun,easy,brysbaert
SNOWBOARDER,noun,hard,brysbaert
SNOWDRIFT,noun,easy,brysbaert
SNOWMAN,noun,easy,brysbaert+quickdraw
SNOWMOBILE,noun,easy,brysbaert
SNOWPLOW,noun,easy,brysbaert
SNOWSUIT,noun,easy,brysbaert
SOAP,noun,easy,brysbaert
SOCCER,noun,easy,brysbaert
SOCK,noun,easy,brysbaert+quickdraw
SOD,noun,hard,brysbaert
SODA,noun,easy,brysbaert
SOFA,noun,easy,brysbaert
SOFTBALL,noun,easy,brysbaert
SOIL,noun,easy,brysbaert
SOLID,noun,hard,brysbaert
SOMERSAULT,noun,easy,brysbaert
SONG,noun,hard,brysbaert
SONGBIRD,noun,hard,brysbaert
SONGWRITER,noun,hard,brysbaert
SOOT,noun,hard,brysbaert
SORROW,abstract,hard,seed
SOUNDTRACK,noun,hard,brysbaert
SOUP,noun,easy,brysbaert
SOURDOUGH,noun,hard,brysbaert
SOUVENIR,noun,hard,brysbaert
SOY,noun,easy,brysbaert
SPA,noun,hard,brysbaert
SPACECRAFT,noun,easy,brysbaert
SPACESHIP,noun,hard,brysbaert
SPACESUIT,noun,easy,brysbaert
SPADES,noun,hard,brysbaert
SPAGHETTI,noun,easy,brysbaert
SPARKS,noun,hard,brysbaert
SPARROW,noun,easy,brysbaert
SPATULA,noun,easy,brysbaert
SPEAK,verb,hard,brysbaert
SPEAKERPHONE,noun,hard,brysbaert
SPEAR,noun,easy,brysbaert
SPEARFISH,noun,hard,brysbaert
SPEARMINT,noun,easy,brysbaert
SPECIMEN,noun,hard,brysbaert
SPECK,noun,hard,brysbaert
SPEEDBOAT,noun,easy,brysbaert+quickdraw
SPEEDOMETER,noun,easy,brysbaert
SPEEDWAY,noun,hard,brysbaert
SPICE,noun,hard,brysbaert
SPIDER,noun,easy,brysbaert+quickdraw
SPIKE,noun,hard,brysbaert
SPILL,verb,hard,brysbaert
SPIN,verb,hard,brysbaert
SPINACH,noun,easy,brysbaert
SPINDLE,noun,easy,brysbaert
SPINE,noun,easy,brysbaert
SPIRAL,noun,hard,brysbaert
SPLINT,noun,hard,brysbaert
SPONGE,verb,hard,brysbaert
SPOOL,noun,easy,original
SPOON,noun,easy,brysbaert+quickdraw+original
SPOONFUL,noun,hard,brysbaert
SPORTSCASTER,noun,hard,brysbaert
SPORTSWEAR,noun,hard,brysbaert
SPOTLIGHT,noun,hard,brysbaert
SPRAY,noun,hard,brysbaert
SPRAYER,noun,hard,brysbaert
SPREADSHEET,noun,easy,brysbaert+quickdraw
SPRINKLER,noun,easy,brysbaert
SPRINT,noun,hard,brysbaert
SPROUT,noun,hard,brysbaert
SPUD,noun,easy,brysbaert
SPUR,noun,hard,brysbaert+original
SPY,verb,hard,brysbaert
SPYGLASS,noun,easy,brysbaert
SQUARE,noun,easy,brysbaert+quickdraw
SQUASH,noun,easy,brysbaert
SQUAT,noun,hard,brysbaert
SQUEEGEE,noun,easy,brysbaert
SQUEEZE,verb,hard,brysbaert
SQUEEZER,noun,hard,brysbaert
SQUID,noun,easy,brysbaert
SQUIGGLE,noun,easy,quickdraw
SQUIRREL,noun,easy,brysbaert+quickdraw
STADIUM,noun,easy,brysbaert
STAFF,noun,hard,brysbaert
STAGE,noun,hard,brysbaert
STAGECOACH,noun,easy,brysbaert
STAIN,noun,hard,brysbaert
STAIR,noun,easy,brysbaert
STAIRS,noun,easy,brysbaert+quickdraw
STAIRWAY,noun,easy,brysbaert
STAIRWELL,noun,easy,brysbaert
STALLION,noun,easy,brysbaert
STANDING,verb,hard,brysbaert
STAR,noun,easy,brysbaert+quickdraw
STARE,verb,hard,brysbaert
STARFISH,noun,easy,brysbaert
STARLIGHT,noun,hard,brysbaert
STATEROOM,noun,hard,brysbaert
STATUE,noun,easy,brysbaert+original
STEAL,verb,hard,brysbaert
STEAM,verb,hard,brysbaert+original
STEAMBOAT,noun,easy,brysbaert
STEAMSHIP,noun,hard,brysbaert
STEED,noun,hard,brysbaert
STEEL,noun,easy,brysbaert
STEER,verb,hard,brysbaert
STEGOSAURUS,noun,easy,brysbaert
STEM,noun,hard,brysbaert
STENCIL,noun,easy,brysbaert+original
STEP,noun,hard,brysbaert
STEPCHILD,noun,hard,brysbaert
STEREO,noun,easy,brysbaert+quickdraw
STERNUM,noun,hard,brysbaert
STETHOSCOPE,noun,easy,brysbaert+quickdraw
STEW,verb,hard,brysbaert
STICK,verb,hard,brysbaert
STICKER,noun,hard,brysbaert
STING,verb,hard,brysbaert
STINGRAY,noun,easy,brysbaert
STINK,verb,hard,brysbaert
STIR,verb,hard,brysbaert
STITCH,noun,hard,brysbaert
STOCK,noun,hard,brysbaert
STOCKBROKER,noun,hard,brysbaert
STOCKINGS,noun,hard,brysbaert
STOCKROOM,noun,hard,brysbaert
STOCKYARD,noun,hard,brysbaert
STOMACH,noun,easy,brysbaert
STONE,noun,easy,brysbaert+original
STONEMASON,noun,hard,brysbaert
STOPLIGHT,noun,hard,brysbaert
STOPPER,noun,easy,brysbaert
STOPWATCH,noun,easy,brysbaert
STORE,noun,hard,brysbaert
STOREHOUSE,noun,hard,brysbaert
STOREKEEPER,noun,hard,brysbaert
STORK,noun,easy,brysbaert
STORM,verb,hard,brysbaert
STORYBOOK,noun,easy,brysbaert
STOVE,noun,easy,brysbaert+quickdraw+original
STOVEPIPE,noun,easy,brysbaert
STRAIGHTEN,verb,hard,brysbaert
STRAP,noun,easy,brysbaert+original
STRAW,noun,easy,brysbaert+original
STRAWBERRY,noun,easy,brysbaert+quickdraw
STREAM,noun,easy,original
STREET,noun,easy,brysbaert
STREETLIGHT,noun,easy,brysbaert+quickdraw
STRETCH,verb,hard,brysbaert
STRETCHER,noun,hard,brysbaert
STRIKE,verb,hard,brysbaert
STRINGS,noun,easy,brysbaert
STRIP,verb,hard,brysbaert
STRIPE,noun,easy,brysbaert
STROLLER,noun,easy,brysbaert
STRONGBOX,noun,easy,brysbaert
STUB,noun,hard,brysbaert
STUDENT,noun,easy,brysbaert
STUDIO,noun,hard,brysbaert
STUFFED,verb,hard,brysbaert
STUMP,noun,easy,brysbaert
SUBMARINE,noun,easy,quickdraw
SUBWAY,noun,easy,brysbaert
SUDS,noun,hard,brysbaert
SUGAR,noun,easy,brysbaert
SUGARPLUM,noun,hard,brysbaert
SUIT,noun,easy,brysbaert
SUITCASE,noun,easy,brysbaert+quickdraw
SUMMIT,noun,easy,original
SUN,noun,easy,brysbaert+quickdraw
SUNBEAM,noun,hard,brysbaert
SUNDAE,noun,hard,brysbaert
SUNFISH,noun,easy,brysbaert
SUNFLOWER,noun,easy,brysbaert+original
SUNGLASSES,noun,easy,brysbaert
SUNLAMP,noun,easy,brysbaert
SUNLIGHT,noun,hard,brysbaert
SUNROOF,noun,hard,brysbaert
SUNROOM,noun,easy,brysbaert
SUNSCREEN,noun,easy,brysbaert
SUNSET,noun,hard,brysbaert
SUNSPOT,noun,hard,brysbaert
SUPERVISOR,noun,hard,brysbaert
SUPPER,noun,hard,brysbaert
SURF,verb,hard,brysbaert
SURFER,noun,easy,brysbaert
SURROUNDED,verb,hard,brysbaert
SUSHI,noun,easy,brysbaert
SWAB,noun,hard,brysbaert
SWAMP,noun,easy,brysbaert+original
SWAN,noun,easy,quickdraw
SWEAT,noun,easy,brysbaert
SWEATER,noun,easy,brysbaert+quickdraw
SWEATSHIRT,noun,easy,brysbaert
SWEEP,verb,hard,brysbaert
SWEEPER,noun,hard,brysbaert
SWEETENER,noun,hard,brysbaert
SWIM,verb,hard,brysbaert
SWIMMER,noun,easy,brysbaert
SWIMSUIT,noun,easy,brysbaert
SWING,verb,hard,brysbaert
SWINGING,verb,hard,brysbaert
SWITCHBOARD,noun,hard,brysbaert
SWORD,noun,easy,brysbaert+quickdraw
SWORDFISH,noun,easy,brysbaert
SYRUP,noun,easy,brysbaert+original
TABLE,noun,easy,brysbaert+quickdraw
TABLECLOTH,noun,easy,brysbaert
TABLESPOON,noun,easy,brysbaert
TABLET,noun,easy,brysbaert
TABLETOP,noun,easy,brysbaert
TACO,noun,easy,brysbaert
TADPOLE,noun,easy,brysbaert
TAFFY,noun,easy,brysbaert
TAIL,noun,easy,brysbaert
TAILLIGHT,noun,easy,brysbaert
TAILPIPE,noun,hard,brysbaert
TALK,verb,hard,brysbaert
TALKER,noun,hard,brysbaert
TALON,noun,easy,brysbaert
TAMALE,noun,easy,brysbaert
TAMBOURINE,noun,easy,brysbaert
TAN,noun,hard,brysbaert
TANGERINE,noun,easy,brysbaert
TANKER,noun,hard,brysbaert
TAP,verb,hard,brysbaert
TAPE,noun,easy,brysbaert
TAPESTRY,noun,hard,brysbaert+original
TAPIOCA,noun,hard,brysbaert
TARANTULA,noun,easy,brysbaert
TARMAC,noun,easy,brysbaert
TARP,noun,easy,brysbaert
TASSEL,noun,easy,brysbaert
TATTOO,noun,easy,brysbaert
TAX,verb,hard,brysbaert
TAXI,verb,hard,brysbaert
TEA,noun,hard,brysbaert
TEACHER,noun,hard,brysbaert
TEACUP,noun,easy,brysbaert
TEAKETTLE,noun,easy,brysbaert
TEAMMATE,noun,hard,brysbaert
TEAPOT,noun,easy,brysbaert+quickdraw+original
TEAR,verb,hard,brysbaert
TEAROOM,noun,hard,brysbaert
TEASPOON,noun,easy,brysbaert
TEE,noun,hard,brysbaert
TEETH,noun,easy,brysbaert
TELEGRAM,noun,hard,brysbaert
TELEGRAPH,noun,hard,brysbaert
TELEPROMPTER,noun,easy,brysbaert
TELLER,noun,hard,brysbaert
TENANT,noun,hard,brysbaert
TENDON,noun,hard,brysbaert
TENT,noun,easy,brysbaert+quickdraw+original
TERIYAKI,noun,easy,brysbaert
TERMITE,noun,easy,brysbaert
TERRAIN,noun,hard,brysbaert
TERRYCLOTH,noun,hard,brysbaert
TEST,verb,hard,brysbaert
TETHERBALL,noun,easy,brysbaert
TEXT,noun,easy,brysbaert
TEXTBOOK,noun,easy,brysbaert
THEATER,noun,easy,brysbaert
THERAPIST,noun,hard,brysbaert
THERMOMETER,noun,easy,brysbaert
THERMOSTAT,noun,easy,brysbaert
THESAURUS,noun,easy,brysbaert
THICK,noun,hard,brysbaert
THIEF,noun,hard,brysbaert
THIMBLE,noun,easy,brysbaert+original
THIN,verb,hard,brysbaert
THORN,noun,easy,brysbaert
THREAD,noun,easy,original
THRONE,noun,hard,brysbaert+original
THROW,verb,hard,brysbaert
THUMB,noun,easy,brysbaert
THUMBNAIL,noun,hard,brysbaert
THUMBPRINT,noun,hard,brysbaert
THUMBTACK,noun,easy,brysbaert
THUNDER,verb,hard,brysbaert
THUNDERCLOUD,noun,hard,brysbaert
THUNDERSTORM,noun,easy,brysbaert
THYME,noun,easy,brysbaert
TIARA,noun,easy,brysbaert
TICK,noun,hard,brysbaert
TICKET,noun,easy,brysbaert
TIDEWATER,noun,hard,brysbaert
TIE,noun,easy,brysbaert
TIGER,noun,easy,brysbaert+quickdraw
TIGHTROPE,noun,easy,brysbaert
TILE,noun,hard,brysbaert+original
TIMBER,noun,easy,brysbaert+original
TIMEPIECE,noun,hard,brysbaert
TIMER,noun,hard,brysbaert
TIN,noun,easy,brysbaert
TINFOIL,noun,easy,brysbaert
TIP,verb,hard,brysbaert
TIRE,verb,hard,brysbaert
TISSUE,noun,easy,brysbaert
TITANIUM,noun,hard,brysbaert
TOAD,noun,easy,brysbaert+original
TOADSTOOL,noun,easy,brysbaert
TOAST,noun,easy,brysbaert
TOASTER,noun,easy,brysbaert+quickdraw
TOE,noun,easy,quickdraw
TOENAIL,noun,easy,brysbaert
TOFFEE,noun,easy,brysbaert
TOFU,noun,easy,brysbaert
TOLLBOOTH,noun,easy,brysbaert
TOMATO,noun,easy,brysbaert
TOMB,noun,easy,brysbaert+original
TOMBSTONE,noun,easy,brysbaert
TONGS,noun,easy,brysbaert
TONGUE,noun,easy,brysbaert
TONSIL,noun,easy,brysbaert
TOOL,noun,hard,brysbaert
TOOLBOX,noun,easy,brysbaert
TOOTH,noun,easy,brysbaert+quickdraw
TOOTHBRUSH,noun,easy,brysbaert+quickdraw
TOOTHPASTE,noun,easy,brysbaert+quickdraw
TOOTHPICK,noun,easy,brysbaert
TOPAZ,noun,easy,original
TOPCOAT,noun,easy,brysbaert
TOPSAIL,noun,hard,brysbaert
TOPSOIL,noun,easy,brysbaert
TORCH,noun,easy,brysbaert
TORNADO,noun,easy,brysbaert+quickdraw+original
TORSO,noun,easy,brysbaert
TORTELLINI,noun,easy,brysbaert
TORTILLA,noun,easy,brysbaert
TORTOISE,noun,easy,brysbaert
TOSS,verb,hard,brysbaert
TOUCH,verb,hard,brysbaert
TOURIST,noun,hard,brysbaert
TOWEL,noun,easy,brysbaert
TOWER,noun,easy,brysbaert
TOWLINE,noun,hard,brysbaert
TOWN,noun,hard,brysbaert
TOY,noun,easy,brysbaert+original
TRACE,verb,hard,brysbaert
TRACTOR,noun,easy,brysbaert+quickdraw
TRAFFIC,noun,hard,brysbaert
TRAIL,verb,hard,brysbaert+original
TRAILER,noun,easy,brysbaert
TRAIN,noun,easy,quickdraw
TRAINER,noun,hard,brysbaert
TRAMPOLINE,noun,easy,brysbaert
TRAP,noun,hard,brysbaert+original
TRAPEZE,noun,hard,brysbaert
TRASH,noun,easy,brysbaert
TRAY,noun,easy,brysbaert+original
TREADMILL,noun,easy,brysbaert
TREASURE,noun,easy,original
TREAT,verb,hard,brysbaert
TREE,noun,easy,quickdraw+original
TREETOP,noun,easy,brysbaert
TRENCH,noun,easy,original
TRESTLE,noun,easy,original
TRIANGLE,noun,easy,quickdraw
TRICEPS,noun,hard,brysbaert
TRICYCLE,noun,hard,brysbaert
TRINKET,noun,hard,brysbaert
TRIPOD,noun,easy,brysbaert+original
TROLLEY,noun,easy,brysbaert
TROMBONE,noun,easy,brysbaert+quickdraw
TROPHY,noun,easy,brysbaert+original
TROUGH,noun,easy,original
TROUSER,noun,easy,brysbaert
TROUT,noun,easy,brysbaert
TROWEL,noun,easy,original
TRUCK,noun,easy,brysbaert+quickdraw
TRUCKER,noun,hard,brysbaert
TRUFFLE,noun,hard,brysbaert
TRUMPET,noun,easy,quickdraw
TRUMPETER,noun,hard,brysbaert
TRUNK,noun,easy,brysbaert
TRUTH,abstract,hard,seed
TUBA,noun,easy,brysbaert
TUBE,noun,easy,brysbaert
TUGBOAT,noun,easy,brysbaert
TULIP,noun,easy,brysbaert
TUMBLEWEED,noun,easy,brysbaert
TUNA,noun,easy,brysbaert
TUNNEL,noun,easy,brysbaert+original
TURBINE,noun,hard,brysbaert+original
TURKEY,noun,easy,brysbaert
TURNIP,noun,easy,brysbaert
TURTLE,noun,easy,brysbaert
TURTLEDOVE,noun,hard,brysbaert
TUTU,noun,hard,brysbaert
TUX,noun,easy,brysbaert
TV,noun,easy,brysbaert
TWEED,noun,easy,brysbaert
TWEEZERS,noun,easy,brysbaert
TWINE,noun,easy,original
TWINS,noun,hard,brysbaert
TYPEWRITER,noun,easy,brysbaert
TYPHOON,noun,hard,brysbaert
TYPIST,noun,hard,brysbaert
TYRANNOSAURUS,noun,hard,brysbaert
UMBRELLA,noun,easy,brysbaert+quickdraw+original
UNDERBRUSH,noun,hard,brysbaert
UNDERCARRIAGE,noun,hard,brysbaert
UNICYCLE,noun,easy,brysbaert
UNIFORM,noun,hard,brysbaert
UNIVERSITY,noun,hard,brysbaert
UP,verb,hard,brysbaert
UPHOLSTERY,noun,hard,brysbaert
UTENSIL,noun,hard,brysbaert
VACATION,abstract,hard,seed
VALLEY,noun,easy,brysbaert
VALVE,noun,easy,brysbaert+original
VAN,noun,easy,quickdraw
VANILLA,noun,hard,brysbaert
VASE,noun,easy,brysbaert+quickdraw+original
VAT,noun,hard,brysbaert
VAULT,noun,hard,brysbaert+original
VEGETATION,noun,hard,brysbaert
VEGGIE,noun,easy,brysbaert
VEHICLE,noun,hard,brysbaert
VEIL,noun,easy,original
VELVET,noun,hard,brysbaert+original
VENDOR,noun,hard,brysbaert
VENOM,noun,hard,brysbaert
VENT,noun,hard,brysbaert
VENUS,noun,hard,brysbaert
VESSEL,noun,hard,brysbaert
VEST,noun,easy,original
VET,verb,hard,brysbaert
VIDEO,noun,hard,brysbaert
VIDEOCASSETTE,noun,easy,brysbaert
VIDEOTAPE,noun,easy,brysbaert
VILLA,noun,easy,brysbaert
VILLAGE,noun,easy,brysbaert
VINE,noun,easy,brysbaert+original
VINEGAR,noun,easy,brysbaert
VINEYARD,noun,easy,brysbaert
VINYL,noun,hard,brysbaert
VIOLIN,noun,easy,brysbaert+quickdraw
VIOLINIST,noun,easy,brysbaert
VIPER,noun,hard,brysbaert
VISIT,verb,hard,brysbaert
VISOR,noun,hard,brysbaert+original
VOLCANO,noun,easy,brysbaert+original
VOLLEYBALL,noun,easy,brysbaert
VULTURE,noun,easy,brysbaert
WAFFLE,noun,easy,brysbaert
WAGON,noun,easy,brysbaert+original
WAIST,noun,easy,brysbaert
WAISTBAND,noun,easy,brysbaert
WALK,verb,hard,brysbaert
WALKER,noun,hard,brysbaert
WALL,noun,easy,brysbaert
WALLET,noun,easy,brysbaert+original
WALLPAPER,noun,hard,brysbaert
WALNUT,noun,easy,brysbaert
WALRUS,noun,easy,brysbaert
WALTZ,noun,hard,brysbaert
WAND,noun,easy,brysbaert+original
WARDROBE,noun,hard,brysbaert+original
WAREHOUSE,noun,hard,brysbaert
WARM,verb,hard,brysbaert
WARTHOG,noun,easy,brysbaert
WASABI,noun,hard,brysbaert
WASH,verb,hard,brysbaert
WASHBOARD,noun,easy,brysbaert
WASHCLOTH,noun,easy,brysbaert
WASHER,noun,easy,brysbaert
WASHROOM,noun,easy,brysbaert
WASHTUB,noun,easy,brysbaert
WASP,noun,easy,brysbaert
WASTEBASKET,noun,hard,brysbaert
WATCH,verb,hard,brysbaert
WATCHMAKER,noun,hard,brysbaert
WATCHTOWER,noun,hard,brysbaert
WATER,noun,easy,brysbaert
WATERFALL,noun,easy,brysbaert+original
WATERFRONT,noun,hard,brysbaert
WATERMARK,noun,hard,brysbaert
WATERMELON,noun,easy,brysbaert+quickdraw
WATERSLIDE,noun,easy,quickdraw
WATERSPOUT,noun,easy,brysbaert
WATERWAY,noun,hard,brysbaert
WAX,verb,hard,brysbaert
WEAR,verb,hard,brysbaert
WEASEL,noun,easy,brysbaert
WEATHER,verb,hard,brysbaert
WEAVE,noun,easy,original
WEB,noun,hard,brysbaert
WEBCAM,noun,easy,brysbaert
WEBSITE,noun,hard,brysbaert
WEDGE,noun,hard,brysbaert+original
WEEDS,noun,easy,brysbaert
WEEPING,noun,hard,brysbaert
WEIGH,verb,hard,brysbaert
WELDER,noun,easy,brysbaert
WET,verb,hard,brysbaert
WHALE,noun,easy,brysbaert+quickdraw
WHEAT,noun,easy,brysbaert
WHEATGRASS,noun,hard,brysbaert
WHEEL,noun,easy,brysbaert+quickdraw+original
WHEELBARROW,noun,easy,brysbaert
WHEELHOUSE,noun,hard,brysbaert
WHETSTONE,noun,hard,brysbaert
WHIMPER,noun,hard,brysbaert
WHIRLPOOL,noun,hard,brysbaert
WHISKER,noun,easy,brysbaert
WHISPER,noun,hard,brysbaert
WHISTLE,verb,hard,brysbaert+original
WICK,noun,hard,brysbaert+original
WIG,noun,easy,brysbaert
WILDCAT,noun,easy,brysbaert
WILDFIRE,noun,hard,brysbaert
WILDLIFE,noun,hard,brysbaert
WINDMILL,noun,easy,brysbaert+quickdraw
WINDOW,noun,easy,brysbaert+original
WINDOWPANE,noun,easy,brysbaert
WINDPIPE,noun,easy,brysbaert
WINDSHIELD,noun,easy,brysbaert
WINDSTORM,noun,hard,brysbaert
WINE,noun,easy,brysbaert
WING,noun,easy,brysbaert+original
WIPER,noun,hard,brysbaert
WIRE,verb,hard,brysbaert+original
WISDOM,abstract,hard,seed
WIZARD,noun,hard,brysbaert
WOLF,noun,easy,brysbaert
WOLVERINE,noun,easy,brysbaert
WOOD,noun,easy,brysbaert+original
WOODCUTTER,noun,hard,brysbaert
WOODPECKER,noun,easy,brysbaert
WOODPILE,noun,easy,brysbaert
WOODS,noun,easy,brysbaert
WOODSHED,noun,hard,brysbaert
WOODWIND,noun,hard,brysbaert
WOODWORK,noun,hard,brysbaert
WOOL,noun,easy,brysbaert
WORKBENCH,noun,hard,brysbaert
WORKER,noun,hard,brysbaert
WORKPLACE,noun,hard,brysbaert
WORKROOM,noun,hard,brysbaert
WORKS,verb,hard,brysbaert
WORKSHEET,noun,hard,brysbaert
WORKSHOP,noun,hard,brysbaert
WORKSTATION,noun,hard,brysbaert
WORLD,noun,hard,brysbaert
WORM,noun,easy,brysbaert
WRAP,verb,hard,brysbaert
WREATH,noun,easy,brysbaert+original
WRECKAGE,noun,hard,brysbaert
WRENCH,noun,easy,original
WRESTLING,verb,hard,brysbaert
WRIST,noun,easy,brysbaert
WRISTBAND,noun,easy,brysbaert
WRISTWATCH,noun,easy,brysbaert+quickdraw
WRITE,verb,hard,brysbaert
WRITER,noun,hard,brysbaert
XYLOPHONE,noun,easy,brysbaert
YACHT,noun,easy,brysbaert
YAK,noun,hard,brysbaert
YAM,noun,easy,brysbaert
YARD,noun,easy,brysbaert
YARDSTICK,noun,hard,brysbaert
YARN,noun,easy,brysbaert+original
YEARBOOK,noun,hard,brysbaert
YOGURT,noun,easy,brysbaert
YOKE,noun,easy,brysbaert+original
YOLK,noun,easy,brysbaert
ZEBRA,noun,easy,brysbaert+quickdraw
ZIPPER,noun,easy,brysbaert+original
ZOO,noun,easy,brysbaert
